submission_date,type,dau,dau_28ma
2026-06-01,forecast,0,0.0
2026-06-02,actuals,21000,750.0
2026-06-03,actuals,200830,7922.0
2026-06-04,actuals,479640,25052.0
2026-06-05,actuals,637470,47819.0
2026-06-06,actuals,433610,63305.0
2026-06-07,actuals,411260,77993.0
2026-06-08,actuals,773280,105610.0
2026-06-09,actuals,805010,134361.0
2026-06-10,actuals,822200,163725.0
2026-06-11,actuals,841910,193793.0
2026-06-12,actuals,831290,223482.0
2026-06-13,actuals,512560,241788.0
2026-06-14,actuals,478210,258867.0
2026-06-15,actuals,878290,290234.0
2026-06-16,actuals,871290,321352.0
2026-06-17,actuals,900030,353496.0
2026-06-18,actuals,883260,385041.0
2026-06-19,actuals,438310,400695.0
2026-06-20,actuals,455730,416971.0
2026-06-21,actuals,510950,435219.0
2026-06-22,actuals,956000,469362.0
2026-06-23,actuals,963270,503764.0
2026-06-24,actuals,960920,538083.0
2026-06-25,actuals,985290,573272.0
2026-06-26,actuals,930130,606491.0
2026-06-27,actuals,579380,627183.0
2026-06-28,actuals,526710,645994.0
2026-06-29,forecast,802771,674664.0
2026-06-30,forecast,805444,702680.0
2026-07-01,forecast,798171,724014.0
2026-07-02,forecast,792554,735189.0
2026-07-03,forecast,772698,740019.0
2026-07-04,forecast,580834,745277.0
2026-07-05,forecast,559803,750582.0
2026-07-06,forecast,784259,750974.0
2026-07-07,forecast,786188,750302.0
2026-07-08,forecast,778390,748737.0
2026-07-09,forecast,772319,746252.0
2026-07-10,forecast,752271,743430.0
2026-07-11,forecast,562469,745212.0
2026-07-12,forecast,541413,747469.0
2026-07-13,forecast,762797,743345.0
2026-07-14,forecast,764546,739532.0
2026-07-15,forecast,756758,734416.0
2026-07-16,forecast,750741,729683.0
2026-07-17,forecast,730991,740136.0
2026-07-18,forecast,543780,743280.0
2026-07-19,forecast,523146,743716.0
2026-07-20,forecast,741817,736066.0
2026-07-21,forecast,743797,728228.0
2026-07-22,forecast,736420,720210.0
2026-07-23,forecast,730840,711123.0
2026-07-24,forecast,711757,703324.0
2026-07-25,forecast,527504,701471.0
2026-07-26,forecast,507629,700790.0
2026-07-27,forecast,723887,697972.0
2026-07-28,forecast,726401,695149.0
2026-07-29,forecast,719718,692347.0
2026-07-30,forecast,714839,689572.0
2026-07-31,forecast,696668,686856.0
2026-08-01,forecast,515595,684527.0
2026-08-02,forecast,496683,682272.0
2026-08-03,forecast,710722,679646.0
2026-08-04,forecast,713934,677065.0
2026-08-05,forecast,708086,674555.0
2026-08-06,forecast,704028,672116.0
2026-08-07,forecast,686866,669780.0
2026-08-08,forecast,509031,667871.0
2026-08-09,forecast,491134,666076.0
2026-08-10,forecast,703007,663940.0
2026-08-11,forecast,706925,661882.0
2026-08-12,forecast,701898,659923.0
2026-08-13,forecast,698626,658062.0
2026-08-14,forecast,682412,656327.0
2026-08-15,forecast,507711,655039.0
2026-08-16,forecast,490727,653881.0
2026-08-17,forecast,700343,652400.0
2026-08-18,forecast,704829,651008.0
2026-08-19,forecast,700464,649724.0
2026-08-20,forecast,697799,648544.0
2026-08-21,forecast,682337,647493.0
2026-08-22,forecast,510531,646887.0
2026-08-23,forecast,494232,646408.0
2026-08-24,forecast,701387,645605.0
2026-08-25,forecast,706190,644883.0
2026-08-26,forecast,702222,644258.0
2026-08-27,forecast,699889,643724.0
2026-08-28,forecast,684893,643304.0
2026-08-29,forecast,515657,643306.0
2026-08-30,forecast,499741,643415.0
2026-08-31,forecast,704172,643181.0
2026-09-01,forecast,708984,643004.0
2026-09-02,forecast,705104,642898.0
2026-09-03,forecast,702792,642854.0
2026-09-04,forecast,687947,642892.0
2026-09-05,forecast,520939,643318.0
2026-09-06,forecast,505099,643816.0
2026-09-07,forecast,706545,643943.0
2026-09-08,forecast,711073,644091.0
2026-09-09,forecast,706990,644273.0
2026-09-10,forecast,704419,644480.0
2026-09-11,forecast,689453,644731.0
2026-09-12,forecast,524378,645326.0
2026-09-13,forecast,508362,645956.0
2026-09-14,forecast,706631,646181.0
2026-09-15,forecast,710654,646389.0
2026-09-16,forecast,706161,646592.0
2026-09-17,forecast,703139,646783.0
2026-09-18,forecast,687873,646981.0
2026-09-19,forecast,524537,647481.0
2026-09-20,forecast,508199,647980.0
2026-09-21,forecast,703210,648045.0
2026-09-22,forecast,706625,648060.0
2026-09-23,forecast,701634,648039.0
2026-09-24,forecast,698091,647975.0
2026-09-25,forecast,243672,632217.0
2026-09-26,forecast,520806,632401.0
2026-09-27,forecast,504132,632558.0
2026-09-28,forecast,695935,632264.0
2026-09-29,forecast,698765,631899.0
2026-09-30,forecast,693317,631478.0
2026-10-01,forecast,246209,615171.0
2026-10-02,forecast,231126,598856.0
2026-10-03,forecast,72004,582823.0
2026-10-04,forecast,496571,582518.0
2026-10-05,forecast,685337,581761.0
2026-10-06,forecast,687723,580927.0
2026-10-07,forecast,681971,580033.0
2026-10-08,forecast,677672,579078.0
2026-10-09,forecast,661667,578086.0
2026-10-10,forecast,503609,577344.0
2026-10-11,forecast,486669,576569.0
2026-10-12,forecast,672648,575356.0
2026-10-13,forecast,674807,574075.0
2026-10-14,forecast,668972,572747.0
2026-10-15,forecast,664603,571371.0
2026-10-16,forecast,648721,569973.0
2026-10-17,forecast,492739,568837.0
2026-10-18,forecast,475994,567687.0
2026-10-19,forecast,659469,566125.0
2026-10-20,forecast,661637,564518.0
2026-10-21,forecast,655950,562886.0
2026-10-22,forecast,651741,561231.0
2026-10-23,forecast,636203,575250.0
2026-10-24,forecast,482480,573881.0
2026-10-25,forecast,466141,572524.0
2026-10-26,forecast,647361,570790.0
2026-10-27,forecast,649735,569038.0
2026-10-28,forecast,644383,567291.0
2026-10-29,forecast,640509,581373.0
2026-10-30,forecast,625478,595457.0
2026-10-31,forecast,474128,609818.0
2026-11-01,forecast,458332,608453.0
2026-11-02,forecast,637467,606743.0
2026-11-03,forecast,640160,605044.0
2026-11-04,forecast,635238,603375.0
2026-11-05,forecast,631781,601736.0
2026-11-06,forecast,617318,600153.0
2026-11-07,forecast,468355,598894.0
2026-11-08,forecast,453131,597696.0
2026-11-09,forecast,630243,596181.0
2026-11-10,forecast,633258,594697.0
2026-11-11,forecast,628750,593261.0
2026-11-12,forecast,625679,591871.0
2026-11-13,forecast,611734,590550.0
2026-11-14,forecast,465059,589561.0
2026-11-15,forecast,450326,588644.0
2026-11-16,forecast,625369,587427.0
2026-11-17,forecast,628600,586247.0
2026-11-18,forecast,624386,585119.0
2026-11-19,forecast,621566,584042.0
2026-11-20,forecast,607992,583034.0
2026-11-21,forecast,463412,582353.0
2026-11-22,forecast,449000,581741.0
2026-11-23,forecast,621840,580830.0
2026-11-24,forecast,625102,579950.0
2026-11-25,forecast,620988,579114.0
2026-11-26,forecast,618218,578318.0
2026-11-27,forecast,604805,577580.0
2026-11-28,forecast,462072,577149.0
2026-11-29,forecast,447762,576772.0
2026-11-30,forecast,618226,576085.0
2026-12-01,forecast,621301,575411.0
2026-12-02,forecast,617065,574762.0
2026-12-03,forecast,614126,574132.0
2026-12-04,forecast,600653,573536.0
2026-12-05,forecast,459517,573221.0
2026-12-06,forecast,445095,572934.0
2026-12-07,forecast,613019,572319.0
2026-12-08,forecast,615709,571692.0
2026-12-09,forecast,611159,571064.0
2026-12-10,forecast,607867,570427.0
2026-12-11,forecast,594155,569800.0
2026-12-12,forecast,454415,569419.0
2026-12-13,forecast,439725,569041.0
2026-12-14,forecast,605012,568314.0
2026-12-15,forecast,607188,567549.0
2026-12-16,forecast,602207,566757.0
2026-12-17,forecast,598459,565932.0
2026-12-18,forecast,584419,565090.0
2026-12-19,forecast,445968,564467.0
2026-12-20,forecast,430949,563822.0
2026-12-21,forecast,593602,562814.0
2026-12-22,forecast,595241,561747.0
2026-12-23,forecast,589821,560634.0
2026-12-24,forecast,585626,559470.0
2026-12-25,forecast,571281,558273.0
2026-12-26,forecast,434127,557275.0
2026-12-27,forecast,418836,556242.0
2026-12-28,forecast,578972,554840.0
2026-12-29,forecast,580168,553371.0
2026-12-30,forecast,574416,551848.0
2026-12-31,forecast,569898,550268.0
