week,Total Paid DAU,Pre-2026 DAU,2026 DAU,IN,US,BR,DE,ID,FR,MX,GB,IT,ES,PH,CA,PL,CO,NG,AR,ZA,EC,TR,NL,CL,AU,TH,GR,VN,FI,AT,SE,CH,BE,PT,KR,SG,GT,TW,NZ,NO,DK,MY,IE,PA,HR,SV,SI,AL,MK,XK,LU
Week 1,"781,608","689,054","92,553","25,445","11,301","12,706","5,750","3,862","4,114","3,717","2,323","2,180","2,653",0,"1,640","1,951","1,179",0,"1,230",0,890,"1,399","1,350",731,"1,013",885,611,428,443,512,462,453,527,384,517,548,222,195,193,240,211,0,0,145,0,143,0,0,0,0,0
Week 2,"795,149","662,952","132,197","35,659","15,409","16,434","8,465","6,280","5,908","5,879","3,449","3,253","3,833",0,"2,323","2,789","1,959",0,"1,867",0,"1,424","2,067","1,866","1,165","1,406","1,307",893,807,617,765,677,662,780,595,685,809,429,301,309,363,286,0,0,227,0,252,0,0,0,0,0
Week 3,"812,475","652,043","160,432","40,129","19,491","18,601","11,017","7,008","8,060","7,475","4,328","4,181","4,629",0,"2,865","3,543","2,699",0,"2,351",0,"1,782","2,539","2,501","1,505","1,866","1,469","1,203","1,038",859,978,847,896,"1,076",772,900,950,555,435,409,468,397,0,0,303,0,308,0,0,0,0,0
Week 4,"829,104","640,982","188,122","45,484","23,670","21,140","13,856","7,365","9,561","8,708","5,310","5,048","5,633",0,"3,497","4,189","3,464",0,"2,797",0,"2,093","3,078","3,030","1,835","2,222","1,582","1,448","1,205","1,041","1,164","1,018","1,085","1,291",903,"1,015",994,634,547,477,574,479,0,0,330,0,356,0,0,0,0,0
Week 5,"850,741","627,295","223,446","52,505","28,511","25,248","17,609","8,367","10,474","10,012","6,654","6,025","6,684",0,"4,205","5,118","4,208",0,"3,360",0,"2,479","3,747","3,805","2,312","2,671","1,766","1,774","1,431","1,307","1,425","1,308","1,350","1,563","1,095","1,174","1,150",710,665,632,675,558,0,0,424,0,444,0,0,0,0,0
Week 6,"862,159","613,226","248,932","56,885","31,398","27,132","20,217","9,295","12,762","11,058","7,587","6,836","7,333",0,"4,768","5,738","4,837",0,"4,093",0,"2,782","4,437","4,266","2,613","3,029","1,962","1,931","1,569","1,496","1,676","1,510","1,551","1,737","1,201","1,309","1,297",786,764,725,772,614,0,0,448,0,519,0,0,0,0,0
Week 7,"871,706","598,095","273,610","63,575","34,912","28,396","22,442","9,597","13,832","13,229","8,380","7,464","7,950",0,"5,306","6,277","5,191",0,"4,368",0,"2,945","4,612","4,624","2,938","3,387","2,172","2,152","1,677","1,650","1,880","1,649","1,709","1,912","1,283","1,566","1,324",847,878,805,843,702,0,89,482,0,569,0,0,0,0,0
Week 8,"886,140","591,303","294,836","65,217","38,026","30,771","24,507","10,906","14,918","13,811","9,144","8,109","8,583",926,"5,732","6,735","5,766",401,"4,822",158,"3,319","4,734","4,964","3,276","3,714","2,326","2,285","1,801","1,821","2,013","1,792","1,857","2,049","1,401","1,555","1,465",928,"1,002",893,893,756,0,285,543,0,629,0,0,0,0,0
Week 9,"895,916","579,014","316,902","66,350","41,034","32,489","26,268","11,654","16,229","15,246","9,845","8,697","9,219","2,768","6,248","7,123","6,046","1,804","5,104",845,"3,521","4,963","5,312","3,193","4,055","2,541","2,558","1,932","1,971","2,182","1,944","2,071","2,189","1,508","1,604","1,687",977,"1,124",997,971,795,68,380,577,90,672,0,39,0,15,0
Week 10,"914,067","573,762","340,305","70,272","43,887","33,317","28,743","11,778","17,630","15,922","10,549","9,437","9,683","4,017","6,640","7,289","6,368","3,669","5,432","1,349","3,706","5,336","5,580","3,595","4,365","2,739","2,899","2,075","2,132","2,320","2,070","2,220","2,335","1,580","1,936","1,756","1,073","1,236","1,112","1,035",828,152,461,633,225,741,53,98,0,37,0
Week 11,"922,783","560,365","362,419","73,246","46,956","35,103","31,128","12,155","19,002","16,498","11,317","10,080","10,365","4,470","7,189","7,793","6,730","3,968","5,833","1,735","3,909","5,954","6,036","3,843","4,700","2,861","2,943","2,224","2,290","2,586","2,249","2,460","2,500","1,684","1,983","1,892","1,116","1,354","1,280","1,120",902,237,559,675,305,785,167,144,41,52,0
Week 12,"937,448","554,531","382,917","77,540","49,937","34,099","33,501","12,784","20,700","16,795","12,135","10,439","10,632","5,167","7,908","8,409","7,036","4,590","6,198","2,127","4,102","6,500","6,335","4,157","5,030","2,997","3,071","2,356","2,441","2,708","2,351","2,640","2,695","1,838","1,994","2,018","1,168","1,439","1,344","1,194",942,350,664,711,413,821,238,213,106,85,0
Week 13,"957,765","542,025","415,740","85,260","53,410","36,844","35,673","14,796","22,225","18,337","13,057","11,360","11,589","5,746","8,536","9,099","7,266","5,659","6,581","2,637","4,476","6,921","6,822","4,540","5,243","3,140","3,300","2,532","2,575","2,893","2,511","2,839","2,866","1,976","2,141","2,166","1,237","1,553","1,424","1,254","1,022",432,804,736,506,873,303,277,184,117,0
Week 14,"993,945","539,665","454,280","94,420","56,876","41,958","37,858","18,085","23,608","19,151","13,942","12,460","12,917","6,603","9,146","9,785","8,112","6,815","7,089","3,260","5,094","7,278","7,454","4,853","4,651","3,283","3,597","2,754","2,791","3,071","2,666","3,061","3,025","2,135","2,243","2,391","1,385","1,620","1,568","1,352","1,109",497,937,799,629,931,354,328,208,133,0
Week 15,"1,032,487","536,825","495,662","108,020","59,978","44,522","40,159","23,144","24,880","21,507","14,744","13,612","13,875","7,514","9,966","10,317","8,552","7,395","7,431","3,672","5,330","7,818","8,111","5,074","4,444","3,397","3,862","2,990","2,919","3,258","2,827","3,276","3,172","2,230","2,329","2,587","1,441","1,725","1,679","1,448","1,156",554,"1,043",838,740,967,404,364,243,150,0
Week 16,"1,076,970","526,469","550,502","125,303","65,505","49,612","42,201","28,865","26,256","23,061","15,553","14,492","14,334","8,285","10,756","11,159","9,540","9,389","8,192","4,812","5,652","8,794","8,482","5,594","4,268","4,099","4,511","3,535","3,108","3,433","3,026","3,507","3,321","2,439","2,467","3,012","1,486","1,834","1,816","1,547","1,250",701,"1,134","1,015",850,"1,053",440,380,270,163,0
Week 17,"1,102,890","519,571","583,319","135,197","69,216","50,715","43,936","29,928","27,487","23,899","16,437","15,212","15,186","9,459","11,315","11,911","10,469","9,445","8,976","5,538","6,116","9,444","8,874","6,135","4,113","4,616","4,820","3,840","3,294","3,555","3,307","3,799","3,491","2,574","2,827","3,185","1,560","1,952","1,986","1,580","1,325",899,"1,228","1,045",898,"1,141",495,421,282,189,0
Week 18,"1,132,425","519,620","612,805","142,418","75,214","50,284","45,904","34,780","28,817","23,384","16,894","16,380","15,858","9,527","11,342","13,038","10,677","9,558","9,308","6,113","6,115","9,480","9,190","6,616","5,005","4,914","4,775","4,045","3,426","3,739","3,411","3,981","3,660","2,769","3,065","3,303","1,541","1,980","2,020","1,637","1,416","1,065","1,305","1,164","1,007","1,165",566,453,295,202,0
Week 19,"1,214,612","512,472","702,140","184,758","80,142","56,368","47,626","44,709","30,026","25,938","17,825","17,909","16,513","11,605","12,302","13,789","11,659","11,474","9,921","9,151","6,591","10,041","9,691","7,008","5,262","5,527","5,240","4,255","3,686","3,903","3,640","4,239","3,891","2,951","3,231","3,718","1,782","2,099","2,193","1,603","1,472","1,350","1,405","1,286","1,118","1,456",648,517,380,243,0
Week 20,"1,262,532","506,276","756,256","211,766","84,453","58,719","49,648","48,077","31,108","27,298","18,643","18,650","17,020","12,541","13,124","14,151","12,211","12,111","10,311","10,551","6,852","10,235","9,949","7,341","5,762","5,880","5,438","4,433","3,863","4,117","3,819","4,440","4,087","3,084","3,686","3,901","1,942","2,191","2,385","1,700","1,562","1,519","1,500","1,350","1,226","1,613",698,594,428,280,0
Week 21,"1,297,339","496,604","800,736","227,582","89,350","61,379","51,357","52,393","32,305","28,125","19,802","19,503","17,583","13,505","13,970","14,737","12,760","12,420","10,679","11,593","7,158","10,298","10,441","7,689","6,278","6,358","5,692","4,595","4,106","4,290","4,040","4,651","4,236","3,205","3,984","4,133","2,125","2,300","2,580","1,832","1,624","1,766","1,603","1,412","1,319","1,831",752,639,452,300,0
Week 22,"1,354,495","490,822","863,673","249,687","94,231","64,903","53,595","61,197","33,802","29,607","21,197","20,456","18,222","14,654","14,622","15,464","13,515","13,765","11,285","13,701","8,178","10,945","10,988","8,141","6,657","6,828","5,960","4,860","4,294","4,494","4,216","4,936","4,496","3,351","4,101","4,420","2,367","2,427","2,757","1,931","1,701","2,124","1,939","1,610","1,446","2,180",838,719,523,341,0
Week 23,"1,390,880","485,185","905,695","254,945","100,906","69,346","55,949","61,137","35,387","32,101","22,267","21,382","19,058","15,550","15,650","16,522","14,568","15,004","12,519","15,941","8,753","11,334","11,613","8,710","7,130","7,588","6,205","5,146","4,650","4,734","4,508","5,184","4,745","3,565","4,303","4,748","2,629","2,550","2,970","2,069","1,774","2,232","2,105","1,703","1,556","2,368",898,764,548,384,0
Week 24,"1,421,896","479,685","942,211","267,794","104,373","70,984","57,854","66,468","36,757","33,466","22,875","21,913","19,418","16,015","16,204","16,728","15,165","15,349","12,660","16,434","9,357","11,403","11,974","8,835","7,389","7,845","6,380","5,600","4,837","4,873","4,670","5,316","4,899","3,633","4,571","4,879","2,800","2,598","3,047","2,173","1,821","2,425","2,012","1,764","1,544","2,486",901,826,521,374,0
Week 25,"1,440,576","474,314","966,261","274,359","107,360","72,405","59,220","69,028","37,676","34,398","23,352","22,342","19,701","16,401","16,661","17,004","15,580","15,586","12,930","17,204","9,832","11,487","12,230","9,015","7,614","8,074","6,503","5,705","4,999","4,984","4,790","5,443","5,025","3,696","4,709","4,971","2,925","2,638","3,122","2,231","1,848","2,539","2,045","1,806","1,565","2,579",917,858,524,381,0
Week 26,"1,458,112","469,067","989,044","280,439","110,234","73,743","60,541","71,402","38,552","35,260","23,816","22,762","19,977","16,777","17,102","17,281","15,974","15,818","13,193","17,948","10,275","11,577","12,474","9,193","7,831","8,294","6,625","5,792","5,157","5,092","4,906","5,568","5,147","3,758","4,837","5,059","3,042","2,677","3,196","2,285","1,874","2,648","2,080","1,847","1,588","2,666",933,888,529,388,0
Week 27,"1,405,105","463,937","941,168","261,234","106,184","70,292","59,279","61,214","37,274","33,354","23,448","22,035","19,416","17,461","16,875","16,796","15,888","15,911","13,406","16,138","10,918","11,451","11,789","9,606","8,122","8,217","6,512","5,794","5,248","4,928","4,749","5,225","4,908","3,812","4,302","4,429","3,317","2,720","3,028","2,180","1,894","2,261","1,921","1,717","1,541","2,044",898,698,439,292,2
Week 28,"1,406,954","458,919","948,035","262,822","106,448","70,575","59,769","60,387","37,434","33,424","23,757","22,137","19,586","18,181","17,107","16,877","16,266","16,386","13,784","16,133","11,448","11,605","11,778","9,981","8,462","8,421","6,592","6,024","5,401","4,962","4,773","5,140","4,900","3,916","4,254","4,322","3,531","2,787","3,001","2,190","1,945","2,217","1,919","1,725","1,544","1,890",893,660,412,268,3
Week 29,"1,411,269","454,008","957,262","265,298","106,964","71,041","60,331","60,044","37,666","33,598","24,091","22,283","19,786","18,859","17,358","16,989","16,643","16,818","14,149","16,216","11,944","11,764","11,803","10,336","8,792","8,626","6,678","6,244","5,554","5,005","4,806","5,070","4,905","4,018","4,234","4,250","3,729","2,852","2,982","2,206","1,995","2,191","1,919","1,739","1,551","1,768",889,631,391,249,3
Week 30,"1,416,569","449,198","967,370","268,076","107,605","71,577","60,927","59,937","37,930","33,817","24,434","22,449","19,998","19,501","17,614","17,115","17,011","17,210","14,500","16,342","12,412","11,922","11,846","10,674","9,113","8,828","6,768","6,453","5,705","5,052","4,842","5,009","4,917","4,118","4,230","4,197","3,913","2,916","2,967","2,223","2,045","2,176","1,920","1,756","1,558","1,665",887,609,372,233,4
Week 31,"1,422,319","444,486","977,833","270,955","108,316","72,142","61,541","59,969","38,214","34,059","24,779","22,626","20,215","20,109","17,873","17,249","17,366","17,567","14,835","16,491","12,855","12,077","11,898","10,998","9,425","9,024","6,858","6,650","5,853","5,101","4,881","4,954","4,932","4,216","4,233","4,157","4,087","2,978","2,955","2,242","2,094","2,166","1,922","1,774","1,567","1,574",886,590,356,219,5
Week 32,"1,428,265","439,869","988,396","273,841","109,073","72,718","62,164","60,091","38,509","34,313","25,122","22,811","20,433","20,688","18,131","17,389","17,710","17,893","15,157","16,653","13,277","12,229","11,958","11,308","9,728","9,215","6,949","6,836","5,999","5,151","4,922","4,904","4,950","4,310","4,243","4,125","4,251","3,039","2,946","2,261","2,141","2,161","1,925","1,793","1,576","1,493",885,573,341,207,5
Week 33,"1,434,265","435,341","998,924","276,687","109,858","73,293","62,792","60,276","38,811","34,571","25,464","23,000","20,651","21,240","18,388","17,532","18,042","18,191","15,465","16,823","13,679","12,377","12,023","11,606","10,022","9,400","7,039","7,012","6,143","5,202","4,964","4,858","4,970","4,402","4,256","4,099","4,407","3,098","2,938","2,281","2,188","2,158","1,928","1,813","1,586","1,420",884,558,328,196,6
Week 34,"1,440,236","430,899","1,009,337","279,467","110,661","73,863","63,422","60,505","39,117","34,832","25,801","23,191","20,868","21,766","18,642","17,676","18,362","18,466","15,761","16,998","14,064","12,521","12,091","11,892","10,309","9,580","7,129","7,178","6,285","5,254","5,006","4,815","4,991","4,491","4,273","4,078","4,555","3,155","2,932","2,301","2,233","2,159","1,931","1,832","1,596","1,353",884,545,316,186,6
Week 35,"1,446,127","426,541","1,019,586","282,166","111,474","74,422","64,052","60,765","39,425","35,091","26,134","23,384","21,082","22,269","18,893","17,822","18,671","18,719","16,046","17,176","14,432","12,660","12,161","12,168","10,588","9,753","7,218","7,336","6,424","5,305","5,048","4,775","5,014","4,578","4,291","4,062","4,696","3,211","2,926","2,320","2,277","2,161","1,935","1,851","1,607","1,291",884,534,304,176,7
Week 36,"1,451,905","422,264","1,029,642","284,777","112,292","74,968","64,679","61,048","39,733","35,348","26,462","23,577","21,293","22,751","19,141","17,968","18,970","18,953","16,319","17,354","14,785","12,796","12,233","12,434","10,860","9,921","7,306","7,487","6,560","5,357","5,090","4,738","5,037","4,663","4,311","4,048","4,831","3,266","2,922","2,340","2,320","2,164","1,940","1,869","1,617","1,234",885,523,294,168,7
Week 37,"1,457,550","418,064","1,039,486","287,296","113,111","75,501","65,304","61,348","40,041","35,602","26,785","23,770","21,502","23,212","19,386","18,113","19,258","19,170","16,582","17,532","15,124","12,927","12,306","12,691","11,125","10,083","7,393","7,629","6,695","5,409","5,133","4,703","5,061","4,745","4,332","4,037","4,960","3,319","2,919","2,360","2,363","2,168","1,944","1,888","1,628","1,181",885,514,284,160,8
Week 38,"1,463,048","413,938","1,049,109","289,722","113,928","76,019","65,925","61,659","40,348","35,850","27,102","23,962","21,707","23,654","19,627","18,258","19,536","19,371","16,835","17,708","15,451","13,055","12,380","12,938","11,384","10,240","7,479","7,765","6,827","5,461","5,175","4,670","5,086","4,825","4,353","4,028","5,083","3,371","2,917","2,380","2,404","2,174","1,949","1,906","1,639","1,131",886,505,275,153,8
Week 39,"1,468,392","409,885","1,058,507","292,057","114,740","76,522","66,542","61,977","40,653","36,094","27,414","24,153","21,908","24,078","19,864","18,402","19,806","19,558","17,079","17,882","15,765","13,179","12,454","13,177","11,636","10,393","7,564","7,895","6,957","5,512","5,217","4,638","5,111","4,904","4,376","4,021","5,201","3,422","2,915","2,399","2,444","2,180","1,954","1,923","1,650","1,085",887,497,266,146,9
Week 40,"1,471,186","405,902","1,065,284","293,985","115,581","76,960","67,107","61,767","40,926","36,234","27,658","24,334","21,997","24,440","20,091","18,503","20,032","19,662","17,277","17,983","16,079","13,238","12,523","13,375","11,873","10,503","7,622","8,012","7,054","5,325","5,258","4,647","4,879","4,965","4,385","3,986","5,301","3,459","2,906","2,393","2,481","2,143","1,953","1,918","1,653","1,041",878,488,257,140,9
Week 41,"1,475,206","401,986","1,073,219","296,043","116,398","77,413","67,687","61,912","41,210","36,428","27,927","24,517","22,144","24,812","20,317","18,623","20,269","19,795","17,488","18,124","16,377","13,330","12,594","13,583","12,108","10,629","7,692","8,127","7,162","5,249","5,300","4,640","4,770","5,032","4,404","3,971","5,404","3,500","2,901","2,400","2,518","2,131","1,955","1,927","1,660","1,000",873,481,249,134,9
Week 42,"1,479,192","398,136","1,081,055","298,035","117,204","77,855","68,263","62,087","41,494","36,623","28,192","24,699","22,294","25,172","20,540","18,745","20,500","19,924","17,693","18,266","16,663","13,423","12,665","13,786","12,337","10,753","7,761","8,237","7,268","5,181","5,340","4,633","4,673","5,098","4,423","3,959","5,503","3,539","2,896","2,408","2,554","2,122","1,958","1,936","1,666",962,869,475,242,129,10
Week 43,"1,483,100","394,349","1,088,750","299,956","118,000","78,283","68,834","62,280","41,774","36,816","28,455","24,879","22,443","25,520","20,760","18,865","20,725","20,047","17,892","18,407","16,940","13,515","12,736","13,983","12,562","10,873","7,830","8,342","7,374","5,118","5,381","4,626","4,583","5,162","4,443","3,949","5,599","3,578","2,893","2,416","2,590","2,115","1,962","1,946","1,674",925,865,468,234,123,10
Week 44,"1,486,913","390,624","1,096,289","301,805","118,785","78,698","69,400","62,483","42,052","37,006","28,713","25,057","22,591","25,855","20,975","18,986","20,943","20,163","18,084","18,547","17,208","13,605","12,807","14,174","12,782","10,991","7,899","8,443","7,478","5,059","5,421","4,620","4,500","5,225","4,464","3,941","5,692","3,617","2,889","2,424","2,624","2,109","1,965","1,956","1,681",891,861,463,228,119,11
Week 45,"1,490,623","386,959","1,103,664","303,585","119,558","79,100","69,961","62,695","42,327","37,193","28,968","25,233","22,738","26,178","21,188","19,105","21,155","20,274","18,270","18,685","17,466","13,693","12,878","14,360","12,996","11,106","7,966","8,540","7,581","5,004","5,460","4,614","4,421","5,287","4,484","3,934","5,782","3,654","2,887","2,433","2,658","2,104","1,968","1,966","1,688",858,857,457,221,114,11
Week 46,"1,494,226","383,351","1,110,875","305,297","120,320","79,489","70,516","62,912","42,599","37,376","29,218","25,407","22,884","26,491","21,397","19,224","21,361","20,379","18,451","18,822","17,716","13,780","12,948","14,540","13,207","11,218","8,033","8,632","7,682","4,952","5,500","4,609","4,346","5,347","4,504","3,928","5,868","3,691","2,884","2,442","2,692","2,100","1,972","1,976","1,696",827,854,452,215,110,11
Week 47,"1,497,721","379,800","1,117,921","306,944","121,070","79,865","71,065","63,134","42,868","37,556","29,464","25,578","23,027","26,792","21,602","19,341","21,562","20,479","18,625","18,956","17,959","13,864","13,018","14,715","13,412","11,328","8,099","8,721","7,782","4,902","5,538","4,604","4,275","5,406","4,525","3,923","5,951","3,728","2,883","2,451","2,724","2,097","1,976","1,986","1,703",797,851,447,209,106,12
Week 48,"1,501,107","376,304","1,124,803","308,528","121,808","80,229","71,609","63,357","43,134","37,731","29,706","25,748","23,169","27,083","21,804","19,458","21,756","20,573","18,795","19,088","18,193","13,947","13,087","14,886","13,614","11,434","8,165","8,807","7,880","4,855","5,576","4,599","4,207","5,463","4,545","3,919","6,032","3,763","2,881","2,460","2,756","2,095","1,979","1,996","1,711",769,848,443,203,102,12
Week 49,"1,504,386","372,861","1,131,525","310,051","122,535","80,581","72,146","63,582","43,396","37,903","29,944","25,915","23,308","27,365","22,003","19,573","21,945","20,663","18,959","19,218","18,421","14,027","13,156","15,051","13,811","11,537","8,229","8,888","7,977","4,810","5,614","4,595","4,143","5,520","4,566","3,916","6,110","3,798","2,880","2,469","2,787","2,093","1,983","2,005","1,718",742,845,439,198,98,12
Week 50,"1,507,558","369,470","1,138,089","311,516","123,249","80,922","72,678","63,807","43,654","38,071","30,178","26,079","23,445","27,636","22,198","19,687","22,129","20,749","19,117","19,345","18,642","14,106","13,223","15,212","14,004","11,638","8,293","8,967","8,072","4,766","5,652","4,592","4,081","5,575","4,586","3,913","6,185","3,832","2,879","2,478","2,818","2,092","1,987","2,015","1,726",717,843,435,193,94,13
Week 51,"1,510,627","366,129","1,144,498","312,925","123,951","81,251","73,204","64,033","43,909","38,234","30,407","26,242","23,581","27,899","22,390","19,799","22,308","20,830","19,271","19,470","18,857","14,183","13,291","15,368","14,193","11,736","8,355","9,043","8,167","4,725","5,688","4,588","4,022","5,628","4,606","3,911","6,258","3,866","2,878","2,487","2,848","2,091","1,991","2,024","1,733",692,840,431,188,91,13
Week 52,"1,513,593","362,837","1,150,756","314,281","124,642","81,569","73,723","64,257","44,161","38,394","30,633","26,402","23,714","28,154","22,579","19,910","22,482","20,907","19,421","19,593","19,065","14,258","13,357","15,520","14,378","11,832","8,417","9,115","8,259","4,685","5,725","4,585","3,965","5,681","4,626","3,910","6,329","3,899","2,878","2,496","2,877","2,091","1,995","2,033","1,740",669,838,428,183,88,13