submission_date,country,os_bucket,dau
2025-01-01,CN,non_windows,51121
2025-01-01,CN,win10,156838
2025-01-01,CN,win11,99645
2025-01-01,CN,win1x_other,0
2025-01-01,CN,winX_other,1548
2025-01-01,CN,winX_supported,195483
2025-01-01,IR,non_windows,9754
2025-01-01,IR,win10,588567
2025-01-01,IR,win11,126939
2025-01-01,IR,win1x_other,0
2025-01-01,IR,winX_other,3551
2025-01-01,IR,winX_supported,348869
2025-01-08,CN,non_windows,95289
2025-01-08,CN,win10,329745
2025-01-08,CN,win11,173415
2025-01-08,CN,win1x_other,0
2025-01-08,CN,winX_other,3487
2025-01-08,CN,winX_supported,481249
2025-01-08,IR,non_windows,10161
2025-01-08,IR,win10,617260
2025-01-08,IR,win11,133814
2025-01-08,IR,win1x_other,0
2025-01-08,IR,winX_other,3616
2025-01-08,IR,winX_supported,352534
2025-01-15,CN,non_windows,91831
2025-01-15,CN,win10,315144
2025-01-15,CN,win11,164702
2025-01-15,CN,win1x_other,0
2025-01-15,CN,winX_other,3368
2025-01-15,CN,winX_supported,458365
2025-01-15,IR,non_windows,9524
2025-01-15,IR,win10,567477
2025-01-15,IR,win11,125174
2025-01-15,IR,win1x_other,0
2025-01-15,IR,winX_other,3566
2025-01-15,IR,winX_supported,329161
2025-01-22,CN,non_windows,77870
2025-01-22,CN,win10,283352
2025-01-22,CN,win11,149525
2025-01-22,CN,win1x_other,0
2025-01-22,CN,winX_other,2844
2025-01-22,CN,winX_supported,386707
2025-01-22,IR,non_windows,10185
2025-01-22,IR,win10,607559
2025-01-22,IR,win11,133156
2025-01-22,IR,win1x_other,0
2025-01-22,IR,winX_other,3563
2025-01-22,IR,winX_supported,353859
2025-01-29,CN,non_windows,30039
2025-01-29,CN,win10,84634
2025-01-29,CN,win11,59159
2025-01-29,CN,win1x_other,0
2025-01-29,CN,winX_other,719
2025-01-29,CN,winX_supported,82464
2025-01-29,IR,non_windows,10216
2025-01-29,IR,win10,582920
2025-01-29,IR,win11,130381
2025-01-29,IR,win1x_other,0
2025-01-29,IR,winX_other,3368
2025-01-29,IR,winX_supported,342453
2025-02-05,CN,non_windows,67135
2025-02-05,CN,win10,262827
2025-02-05,CN,win11,142217
2025-02-05,CN,win1x_other,0
2025-02-05,CN,winX_other,2610
2025-02-05,CN,winX_supported,348523
2025-02-05,IR,non_windows,10473
2025-02-05,IR,win10,608054
2025-02-05,IR,win11,137275
2025-02-05,IR,win1x_other,0
2025-02-05,IR,winX_other,3336
2025-02-05,IR,winX_supported,344233
2025-02-12,CN,non_windows,85781
2025-02-12,CN,win10,311486
2025-02-12,CN,win11,169566
2025-02-12,CN,win1x_other,0
2025-02-12,CN,winX_other,2908
2025-02-12,CN,winX_supported,389170
2025-02-12,IR,non_windows,10133
2025-02-12,IR,win10,507554
2025-02-12,IR,win11,125131
2025-02-12,IR,win1x_other,0
2025-02-12,IR,winX_other,2819
2025-02-12,IR,winX_supported,268797
2025-02-19,CN,non_windows,99896
2025-02-19,CN,win10,354847
2025-02-19,CN,win11,194542
2025-02-19,CN,win1x_other,0
2025-02-19,CN,winX_other,3276
2025-02-19,CN,winX_supported,468957
2025-02-19,IR,non_windows,10840
2025-02-19,IR,win10,593930
2025-02-19,IR,win11,134685
2025-02-19,IR,win1x_other,0
2025-02-19,IR,winX_other,3476
2025-02-19,IR,winX_supported,340713
2025-02-26,CN,non_windows,104890
2025-02-26,CN,win10,365368
2025-02-26,CN,win11,205111
2025-02-26,CN,win1x_other,0
2025-02-26,CN,winX_other,3263
2025-02-26,CN,winX_supported,472465
2025-02-26,IR,non_windows,11011
2025-02-26,IR,win10,584154
2025-02-26,IR,win11,137075
2025-02-26,IR,win1x_other,0
2025-02-26,IR,winX_other,3198
2025-02-26,IR,winX_supported,325588
2025-03-05,CN,non_windows,110113
2025-03-05,CN,win10,378254
2025-03-05,CN,win11,215019
2025-03-05,CN,win1x_other,0
2025-03-05,CN,winX_other,3478
2025-03-05,CN,winX_supported,477341
2025-03-05,IR,non_windows,11036
2025-03-05,IR,win10,594659
2025-03-05,IR,win11,136619
2025-03-05,IR,win1x_other,0
2025-03-05,IR,winX_other,3230
2025-03-05,IR,winX_supported,332777
2025-03-12,CN,non_windows,111279
2025-03-12,CN,win10,383049
2025-03-12,CN,win11,221333
2025-03-12,CN,win1x_other,0
2025-03-12,CN,winX_other,3321
2025-03-12,CN,winX_supported,471783
2025-03-12,IR,non_windows,10828
2025-03-12,IR,win10,583742
2025-03-12,IR,win11,133642
2025-03-12,IR,win1x_other,0
2025-03-12,IR,winX_other,3274
2025-03-12,IR,winX_supported,325474
2025-03-19,CN,non_windows,110070
2025-03-19,CN,win10,383193
2025-03-19,CN,win11,222967
2025-03-19,CN,win1x_other,0
2025-03-19,CN,winX_other,3126
2025-03-19,CN,winX_supported,462679
2025-03-19,IR,non_windows,6677
2025-03-19,IR,win10,224557
2025-03-19,IR,win11,70013
2025-03-19,IR,win1x_other,0
2025-03-19,IR,winX_other,1329
2025-03-19,IR,winX_supported,118955
2025-03-26,CN,non_windows,108925
2025-03-26,CN,win10,386173
2025-03-26,CN,win11,225084
2025-03-26,CN,win1x_other,0
2025-03-26,CN,winX_other,3163
2025-03-26,CN,winX_supported,458868
2025-03-26,IR,non_windows,7712
2025-03-26,IR,win10,346898
2025-03-26,IR,win11,89520
2025-03-26,IR,win1x_other,0
2025-03-26,IR,winX_other,1804
2025-03-26,IR,winX_supported,191673
2025-04-02,CN,non_windows,108352
2025-04-02,CN,win10,389019
2025-04-02,CN,win11,226203
2025-04-02,CN,win1x_other,0
2025-04-02,CN,winX_other,3175
2025-04-02,CN,winX_supported,458905
2025-04-02,IR,non_windows,5257
2025-04-02,IR,win10,120359
2025-04-02,IR,win11,46447
2025-04-02,IR,win1x_other,0
2025-04-02,IR,winX_other,486
2025-04-02,IR,winX_supported,51879
2025-04-09,CN,non_windows,111318
2025-04-09,CN,win10,397976
2025-04-09,CN,win11,235472
2025-04-09,CN,win1x_other,0
2025-04-09,CN,winX_other,3239
2025-04-09,CN,winX_supported,459035
2025-04-09,IR,non_windows,10310
2025-04-09,IR,win10,577461
2025-04-09,IR,win11,134300
2025-04-09,IR,win1x_other,0
2025-04-09,IR,winX_other,3080
2025-04-09,IR,winX_supported,319376
2025-04-16,CN,non_windows,110312
2025-04-16,CN,win10,394956
2025-04-16,CN,win11,233393
2025-04-16,CN,win1x_other,0
2025-04-16,CN,winX_other,3125
2025-04-16,CN,winX_supported,450543
2025-04-16,IR,non_windows,10478
2025-04-16,IR,win10,585605
2025-04-16,IR,win11,136833
2025-04-16,IR,win1x_other,0
2025-04-16,IR,winX_other,3134
2025-04-16,IR,winX_supported,324265
2025-04-23,CN,non_windows,109519
2025-04-23,CN,win10,391951
2025-04-23,CN,win11,234444
2025-04-23,CN,win1x_other,0
2025-04-23,CN,winX_other,3149
2025-04-23,CN,winX_supported,437892
2025-04-23,IR,non_windows,10333
2025-04-23,IR,win10,568800
2025-04-23,IR,win11,133055
2025-04-23,IR,win1x_other,0
2025-04-23,IR,winX_other,2990
2025-04-23,IR,winX_supported,315247
2025-04-30,CN,non_windows,93017
2025-04-30,CN,win10,364548
2025-04-30,CN,win11,213387
2025-04-30,CN,win1x_other,0
2025-04-30,CN,winX_other,2827
2025-04-30,CN,winX_supported,403627
2025-04-30,IR,non_windows,10307
2025-04-30,IR,win10,577257
2025-04-30,IR,win11,135419
2025-04-30,IR,win1x_other,0
2025-04-30,IR,winX_other,2976
2025-04-30,IR,winX_supported,312105
2025-05-07,CN,non_windows,108650
2025-05-07,CN,win10,400131
2025-05-07,CN,win11,242621
2025-05-07,CN,win1x_other,0
2025-05-07,CN,winX_other,3152
2025-05-07,CN,winX_supported,444384
2025-05-07,IR,non_windows,10538
2025-05-07,IR,win10,569055
2025-05-07,IR,win11,134668
2025-05-07,IR,win1x_other,0
2025-05-07,IR,winX_other,2908
2025-05-07,IR,winX_supported,309725
2025-05-14,CN,non_windows,110353
2025-05-14,CN,win10,398009
2025-05-14,CN,win11,244035
2025-05-14,CN,win1x_other,0
2025-05-14,CN,winX_other,2987
2025-05-14,CN,winX_supported,435284
2025-05-14,IR,non_windows,10714
2025-05-14,IR,win10,576105
2025-05-14,IR,win11,138479
2025-05-14,IR,win1x_other,0
2025-05-14,IR,winX_other,2934
2025-05-14,IR,winX_supported,310851
2025-05-21,CN,non_windows,108890
2025-05-21,CN,win10,399520
2025-05-21,CN,win11,244991
2025-05-21,CN,win1x_other,0
2025-05-21,CN,winX_other,2945
2025-05-21,CN,winX_supported,430555
2025-05-21,IR,non_windows,10855
2025-05-21,IR,win10,594446
2025-05-21,IR,win11,142947
2025-05-21,IR,win1x_other,0
2025-05-21,IR,winX_other,2997
2025-05-21,IR,winX_supported,317723
2025-05-28,CN,non_windows,109459
2025-05-28,CN,win10,402728
2025-05-28,CN,win11,247879
2025-05-28,CN,win1x_other,0
2025-05-28,CN,winX_other,2925
2025-05-28,CN,winX_supported,427236
2025-05-28,IR,non_windows,10733
2025-05-28,IR,win10,593990
2025-05-28,IR,win11,143251
2025-05-28,IR,win1x_other,0
2025-05-28,IR,winX_other,2800
2025-05-28,IR,winX_supported,312221
2025-06-04,CN,non_windows,110821
2025-06-04,CN,win10,407175
2025-06-04,CN,win11,253846
2025-06-04,CN,win1x_other,0
2025-06-04,CN,winX_other,2990
2025-06-04,CN,winX_supported,434931
2025-06-04,IR,non_windows,7618
2025-06-04,IR,win10,243011
2025-06-04,IR,win11,84263
2025-06-04,IR,win1x_other,0
2025-06-04,IR,winX_other,1017
2025-06-04,IR,winX_supported,111634
2025-06-11,CN,non_windows,108958
2025-06-11,CN,win10,402609
2025-06-11,CN,win11,252599
2025-06-11,CN,win1x_other,0
2025-06-11,CN,winX_other,2901
2025-06-11,CN,winX_supported,421287
2025-06-11,IR,non_windows,10733
2025-06-11,IR,win10,585844
2025-06-11,IR,win11,143239
2025-06-11,IR,win1x_other,0
2025-06-11,IR,winX_other,2803
2025-06-11,IR,winX_supported,308376
2025-06-18,CN,non_windows,107144
2025-06-18,CN,win10,399937
2025-06-18,CN,win11,252043
2025-06-18,CN,win1x_other,0
2025-06-18,CN,winX_other,2815
2025-06-18,CN,winX_supported,411596
2025-06-18,IR,non_windows,5029
2025-06-18,IR,win10,291998
2025-06-18,IR,win11,67834
2025-06-18,IR,win1x_other,0
2025-06-18,IR,winX_other,1724
2025-06-18,IR,winX_supported,182175
2025-06-25,CN,non_windows,107284
2025-06-25,CN,win10,403305
2025-06-25,CN,win11,254160
2025-06-25,CN,win1x_other,0
2025-06-25,CN,winX_other,2814
2025-06-25,CN,winX_supported,409740
2025-06-25,IR,non_windows,10165
2025-06-25,IR,win10,461869
2025-06-25,IR,win11,119756
2025-06-25,IR,win1x_other,0
2025-06-25,IR,winX_other,2243
2025-06-25,IR,winX_supported,256521
2025-07-02,CN,non_windows,105503
2025-07-02,CN,win10,394635
2025-07-02,CN,win11,249087
2025-07-02,CN,win1x_other,0
2025-07-02,CN,winX_other,2777
2025-07-02,CN,winX_supported,396973
2025-07-02,IR,non_windows,11524
2025-07-02,IR,win10,540693
2025-07-02,IR,win11,136409
2025-07-02,IR,win1x_other,0
2025-07-02,IR,winX_other,2562
2025-07-02,IR,winX_supported,279012
2025-07-09,CN,non_windows,104206
2025-07-09,CN,win10,376226
2025-07-09,CN,win11,239344
2025-07-09,CN,win1x_other,0
2025-07-09,CN,winX_other,2605
2025-07-09,CN,winX_supported,366058
2025-07-09,IR,non_windows,11806
2025-07-09,IR,win10,564472
2025-07-09,IR,win11,143176
2025-07-09,IR,win1x_other,0
2025-07-09,IR,winX_other,2530
2025-07-09,IR,winX_supported,292915
2025-07-16,CN,non_windows,103145
2025-07-16,CN,win10,368867
2025-07-16,CN,win11,235936
2025-07-16,CN,win1x_other,0
2025-07-16,CN,winX_other,2544
2025-07-16,CN,winX_supported,351162
2025-07-16,IR,non_windows,11374
2025-07-16,IR,win10,550012
2025-07-16,IR,win11,139775
2025-07-16,IR,win1x_other,0
2025-07-16,IR,winX_other,2507
2025-07-16,IR,winX_supported,284466
2025-07-23,CN,non_windows,102336
2025-07-23,CN,win10,370618
2025-07-23,CN,win11,239024
2025-07-23,CN,win1x_other,0
2025-07-23,CN,winX_other,2458
2025-07-23,CN,winX_supported,344665
2025-07-23,IR,non_windows,10894
2025-07-23,IR,win10,456729
2025-07-23,IR,win11,126385
2025-07-23,IR,win1x_other,0
2025-07-23,IR,winX_other,1969
2025-07-23,IR,winX_supported,222123
2025-07-30,CN,non_windows,100452
2025-07-30,CN,win10,375084
2025-07-30,CN,win11,242527
2025-07-30,CN,win1x_other,0
2025-07-30,CN,winX_other,2428
2025-07-30,CN,winX_supported,340282
2025-07-30,IR,non_windows,11136
2025-07-30,IR,win10,524929
2025-07-30,IR,win11,137409
2025-07-30,IR,win1x_other,0
2025-07-30,IR,winX_other,2240
2025-07-30,IR,winX_supported,257455
2025-08-06,CN,non_windows,99376
2025-08-06,CN,win10,376002
2025-08-06,CN,win11,245978
2025-08-06,CN,win1x_other,0
2025-08-06,CN,winX_other,2365
2025-08-06,CN,winX_supported,333329
2025-08-06,IR,non_windows,10896
2025-08-06,IR,win10,440901
2025-08-06,IR,win11,124657
2025-08-06,IR,win1x_other,0
2025-08-06,IR,winX_other,1786
2025-08-06,IR,winX_supported,204842
2025-08-13,CN,non_windows,99058
2025-08-13,CN,win10,379194
2025-08-13,CN,win11,250870
2025-08-13,CN,win1x_other,0
2025-08-13,CN,winX_other,2329
2025-08-13,CN,winX_supported,328229
2025-08-13,IR,non_windows,10778
2025-08-13,IR,win10,457095
2025-08-13,IR,win11,126957
2025-08-13,IR,win1x_other,0
2025-08-13,IR,winX_other,1884
2025-08-13,IR,winX_supported,212379
2025-08-20,CN,non_windows,99987
2025-08-20,CN,win10,385794
2025-08-20,CN,win11,257942
2025-08-20,CN,win1x_other,0
2025-08-20,CN,winX_other,2382
2025-08-20,CN,winX_supported,328673
2025-08-20,IR,non_windows,11369
2025-08-20,IR,win10,559755
2025-08-20,IR,win11,145415
2025-08-20,IR,win1x_other,0
2025-08-20,IR,winX_other,2402
2025-08-20,IR,winX_supported,277815
2025-08-27,CN,non_windows,102371
2025-08-27,CN,win10,396308
2025-08-27,CN,win11,266424
2025-08-27,CN,win1x_other,0
2025-08-27,CN,winX_other,2355
2025-08-27,CN,winX_supported,336436
2025-08-27,IR,non_windows,11136
2025-08-27,IR,win10,559615
2025-08-27,IR,win11,144055
2025-08-27,IR,win1x_other,0
2025-08-27,IR,winX_other,2302
2025-08-27,IR,winX_supported,277938
2025-09-03,CN,non_windows,105566
2025-09-03,CN,win10,416562
2025-09-03,CN,win11,281106
2025-09-03,CN,win1x_other,0
2025-09-03,CN,winX_other,2402
2025-09-03,CN,winX_supported,369295
2025-09-03,IR,non_windows,11132
2025-09-03,IR,win10,553160
2025-09-03,IR,win11,144085
2025-09-03,IR,win1x_other,0
2025-09-03,IR,winX_other,2258
2025-09-03,IR,winX_supported,275893
2025-09-10,CN,non_windows,111093
2025-09-10,CN,win10,422407
2025-09-10,CN,win11,291142
2025-09-10,CN,win1x_other,0
2025-09-10,CN,winX_other,2455
2025-09-10,CN,winX_supported,362431
2025-09-10,IR,non_windows,8018
2025-09-10,IR,win10,237129
2025-09-10,IR,win11,84056
2025-09-10,IR,win1x_other,0
2025-09-10,IR,winX_other,884
2025-09-10,IR,winX_supported,105990
2025-09-17,CN,non_windows,114221
2025-09-17,CN,win10,431867
2025-09-17,CN,win11,303398
2025-09-17,CN,win1x_other,0
2025-09-17,CN,winX_other,2324
2025-09-17,CN,winX_supported,363771
2025-09-17,IR,non_windows,11406
2025-09-17,IR,win10,573313
2025-09-17,IR,win11,149357
2025-09-17,IR,win1x_other,0
2025-09-17,IR,winX_other,2362
2025-09-17,IR,winX_supported,279809
2025-09-24,CN,non_windows,109954
2025-09-24,CN,win10,406794
2025-09-24,CN,win11,293378
2025-09-24,CN,win1x_other,0
2025-09-24,CN,winX_other,2115
2025-09-24,CN,winX_supported,333411
2025-09-24,IR,non_windows,11216
2025-09-24,IR,win10,570363
2025-09-24,IR,win11,148413
2025-09-24,IR,win1x_other,0
2025-09-24,IR,winX_other,2311
2025-09-24,IR,winX_supported,282828
2025-10-01,CN,non_windows,51713
2025-10-01,CN,win10,190987
2025-10-01,CN,win11,153469
2025-10-01,CN,win1x_other,0
2025-10-01,CN,winX_other,930
2025-10-01,CN,winX_supported,122693
2025-10-01,IR,non_windows,11430
2025-10-01,IR,win10,582679
2025-10-01,IR,win11,151839
2025-10-01,IR,win1x_other,0
2025-10-01,IR,winX_other,2321
2025-10-01,IR,winX_supported,286939
2025-10-08,CN,non_windows,57918
2025-10-08,CN,win10,244336
2025-10-08,CN,win11,191712
2025-10-08,CN,win1x_other,0
2025-10-08,CN,winX_other,1393
2025-10-08,CN,winX_supported,173186
2025-10-08,IR,non_windows,11005
2025-10-08,IR,win10,560950
2025-10-08,IR,win11,147307
2025-10-08,IR,win1x_other,0
2025-10-08,IR,winX_other,2352
2025-10-08,IR,winX_supported,284169
2025-10-15,CN,non_windows,114193
2025-10-15,CN,win10,446453
2025-10-15,CN,win11,322398
2025-10-15,CN,win1x_other,0
2025-10-15,CN,winX_other,2346
2025-10-15,CN,winX_supported,361569
2025-10-15,IR,non_windows,11063
2025-10-15,IR,win10,580813
2025-10-15,IR,win11,153483
2025-10-15,IR,win1x_other,0
2025-10-15,IR,winX_other,2305
2025-10-15,IR,winX_supported,286050
2025-10-22,CN,non_windows,112635
2025-10-22,CN,win10,446703
2025-10-22,CN,win11,326026
2025-10-22,CN,win1x_other,0
2025-10-22,CN,winX_other,2303
2025-10-22,CN,winX_supported,353717
2025-10-22,IR,non_windows,10864
2025-10-22,IR,win10,591845
2025-10-22,IR,win11,157028
2025-10-22,IR,win1x_other,0
2025-10-22,IR,winX_other,2449
2025-10-22,IR,winX_supported,291560
2025-10-29,CN,non_windows,115948
2025-10-29,CN,win10,448342
2025-10-29,CN,win11,329250
2025-10-29,CN,win1x_other,0
2025-10-29,CN,winX_other,2405
2025-10-29,CN,winX_supported,346331
2025-10-29,IR,non_windows,11215
2025-10-29,IR,win10,585778
2025-10-29,IR,win11,157681
2025-10-29,IR,win1x_other,0
2025-10-29,IR,winX_other,2182
2025-10-29,IR,winX_supported,281588
2025-11-05,CN,non_windows,119361
2025-11-05,CN,win10,455785
2025-11-05,CN,win11,339099
2025-11-05,CN,win1x_other,0
2025-11-05,CN,winX_other,2256
2025-11-05,CN,winX_supported,348859
2025-11-05,IR,non_windows,11564
2025-11-05,IR,win10,589923
2025-11-05,IR,win11,161970
2025-11-05,IR,win1x_other,0
2025-11-05,IR,winX_other,2156
2025-11-05,IR,winX_supported,281843
2025-11-12,CN,non_windows,121200
2025-11-12,CN,win10,458752
2025-11-12,CN,win11,341608
2025-11-12,CN,win1x_other,0
2025-11-12,CN,winX_other,2254
2025-11-12,CN,winX_supported,342455
2025-11-12,IR,non_windows,11680
2025-11-12,IR,win10,594772
2025-11-12,IR,win11,164599
2025-11-12,IR,win1x_other,0
2025-11-12,IR,winX_other,2127
2025-11-12,IR,winX_supported,281447
2025-11-19,CN,non_windows,121524
2025-11-19,CN,win10,454360
2025-11-19,CN,win11,341574
2025-11-19,CN,win1x_other,0
2025-11-19,CN,winX_other,2131
2025-11-19,CN,winX_supported,326249
2025-11-19,IR,non_windows,11902
2025-11-19,IR,win10,600028
2025-11-19,IR,win11,166774
2025-11-19,IR,win1x_other,0
2025-11-19,IR,winX_other,2249
2025-11-19,IR,winX_supported,282183
2025-11-26,CN,non_windows,123074
2025-11-26,CN,win10,462495
2025-11-26,CN,win11,347364
2025-11-26,CN,win1x_other,0
2025-11-26,CN,winX_other,2174
2025-11-26,CN,winX_supported,328887
2025-11-26,IR,non_windows,12206
2025-11-26,IR,win10,573233
2025-11-26,IR,win11,168637
2025-11-26,IR,win1x_other,0
2025-11-26,IR,winX_other,1996
2025-11-26,IR,winX_supported,261261
2025-12-03,CN,non_windows,123673
2025-12-03,CN,win10,475272
2025-12-03,CN,win11,356066
2025-12-03,CN,win1x_other,0
2025-12-03,CN,winX_other,2191
2025-12-03,CN,winX_supported,334524
2025-12-03,IR,non_windows,12185
2025-12-03,IR,win10,598141
2025-12-03,IR,win11,173506
2025-12-03,IR,win1x_other,0
2025-12-03,IR,winX_other,2062
2025-12-03,IR,winX_supported,274326
2025-12-10,CN,non_windows,123616
2025-12-10,CN,win10,481227
2025-12-10,CN,win11,361778
2025-12-10,CN,win1x_other,0
2025-12-10,CN,winX_other,2153
2025-12-10,CN,winX_supported,328886
2025-12-10,IR,non_windows,12231
2025-12-10,IR,win10,602388
2025-12-10,IR,win11,175274
2025-12-10,IR,win1x_other,0
2025-12-10,IR,winX_other,2043
2025-12-10,IR,winX_supported,277418
2025-12-17,CN,non_windows,123486
2025-12-17,CN,win10,478413
2025-12-17,CN,win11,363048
2025-12-17,CN,win1x_other,0
2025-12-17,CN,winX_other,2091
2025-12-17,CN,winX_supported,320735
2025-12-17,IR,non_windows,12165
2025-12-17,IR,win10,608198
2025-12-17,IR,win11,176597
2025-12-17,IR,win1x_other,0
2025-12-17,IR,winX_other,2112
2025-12-17,IR,winX_supported,280953
2025-12-24,CN,non_windows,122181
2025-12-24,CN,win10,479955
2025-12-24,CN,win11,365319
2025-12-24,CN,win1x_other,0
2025-12-24,CN,winX_other,2092
2025-12-24,CN,winX_supported,317544
2025-12-24,IR,non_windows,12413
2025-12-24,IR,win10,616907
2025-12-24,IR,win11,179777
2025-12-24,IR,win1x_other,0
2025-12-24,IR,winX_other,2014
2025-12-24,IR,winX_supported,283797
2025-12-31,CN,non_windows,102296
2025-12-31,CN,win10,442384
2025-12-31,CN,win11,326572
2025-12-31,CN,win1x_other,0
2025-12-31,CN,winX_other,1897
2025-12-31,CN,winX_supported,289196
2025-12-31,IR,non_windows,11433
2025-12-31,IR,win10,475426
2025-12-31,IR,win11,150089
2025-12-31,IR,win1x_other,0
2025-12-31,IR,winX_other,1581
2025-12-31,IR,winX_supported,202695
2026-01-01,CN,non_windows,51140
2026-01-01,CN,win10,201187
2026-01-01,CN,win11,176725
2026-01-01,CN,win1x_other,0
2026-01-01,CN,winX_other,841
2026-01-01,CN,winX_supported,106045
2026-01-01,IR,non_windows,9345
2026-01-01,IR,win10,365724
2026-01-01,IR,win11,119272
2026-01-01,IR,win1x_other,0
2026-01-01,IR,winX_other,1189
2026-01-01,IR,winX_supported,159534
2026-01-02,CN,non_windows,51281
2026-01-02,CN,win10,219712
2026-01-02,CN,win11,187266
2026-01-02,CN,win1x_other,0
2026-01-02,CN,winX_other,967
2026-01-02,CN,winX_supported,121128
2026-01-02,IR,non_windows,8159
2026-01-02,IR,win10,200242
2026-01-02,IR,win11,87233
2026-01-02,IR,win1x_other,0
2026-01-02,IR,winX_other,588
2026-01-02,IR,winX_supported,77843
2026-01-03,CN,non_windows,55305
2026-01-03,CN,win10,240452
2026-01-03,CN,win11,204823
2026-01-03,CN,win1x_other,0
2026-01-03,CN,winX_other,1060
2026-01-03,CN,winX_supported,133601
2026-01-03,IR,non_windows,8659
2026-01-03,IR,win10,244085
2026-01-03,IR,win11,97282
2026-01-03,IR,win1x_other,0
2026-01-03,IR,winX_other,793
2026-01-03,IR,winX_supported,101710
2026-01-04,CN,non_windows,110213
2026-01-04,CN,win10,454990
2026-01-04,CN,win11,343474
2026-01-04,CN,win1x_other,0
2026-01-04,CN,winX_other,1928
2026-01-04,CN,winX_supported,303581
2026-01-04,IR,non_windows,12359
2026-01-04,IR,win10,615280
2026-01-04,IR,win11,180081
2026-01-04,IR,win1x_other,0
2026-01-04,IR,winX_other,2010
2026-01-04,IR,winX_supported,280015
2026-01-05,CN,non_windows,117266
2026-01-05,CN,win10,479648
2026-01-05,CN,win11,360912
2026-01-05,CN,win1x_other,0
2026-01-05,CN,winX_other,2081
2026-01-05,CN,winX_supported,319056
2026-01-05,IR,non_windows,12479
2026-01-05,IR,win10,621348
2026-01-05,IR,win11,182552
2026-01-05,IR,win1x_other,0
2026-01-05,IR,winX_other,2016
2026-01-05,IR,winX_supported,283675
2026-01-06,CN,non_windows,117303
2026-01-06,CN,win10,475743
2026-01-06,CN,win11,359670
2026-01-06,CN,win1x_other,0
2026-01-06,CN,winX_other,2090
2026-01-06,CN,winX_supported,315593
2026-01-06,IR,non_windows,12509
2026-01-06,IR,win10,626322
2026-01-06,IR,win11,184885
2026-01-06,IR,win1x_other,0
2026-01-06,IR,winX_other,1977
2026-01-06,IR,winX_supported,282568
2026-01-07,CN,non_windows,117466
2026-01-07,CN,win10,472540
2026-01-07,CN,win11,357256
2026-01-07,CN,win1x_other,0
2026-01-07,CN,winX_other,2077
2026-01-07,CN,winX_supported,311404
2026-01-07,IR,non_windows,12540
2026-01-07,IR,win10,604351
2026-01-07,IR,win11,179585
2026-01-07,IR,win1x_other,0
2026-01-07,IR,winX_other,1912
2026-01-07,IR,winX_supported,273455
2026-01-08,CN,non_windows,117113
2026-01-08,CN,win10,473282
2026-01-08,CN,win11,357031
2026-01-08,CN,win1x_other,0
2026-01-08,CN,winX_other,2099
2026-01-08,CN,winX_supported,309506
2026-01-08,IR,non_windows,7707
2026-01-08,IR,win10,341274
2026-01-08,IR,win11,104859
2026-01-08,IR,win1x_other,0
2026-01-08,IR,winX_other,1098
2026-01-08,IR,winX_supported,152823
2026-01-09,CN,non_windows,112180
2026-01-09,CN,win10,460643
2026-01-09,CN,win11,347768
2026-01-09,CN,win1x_other,0
2026-01-09,CN,winX_other,1924
2026-01-09,CN,winX_supported,298058
2026-01-09,IR,non_windows,94
2026-01-09,IR,win10,927
2026-01-09,IR,win11,355
2026-01-09,IR,win1x_other,0
2026-01-09,IR,winX_other,0
2026-01-09,IR,winX_supported,158
2026-01-10,CN,non_windows,66815
2026-01-10,CN,win10,272309
2026-01-10,CN,win11,226248
2026-01-10,CN,win1x_other,0
2026-01-10,CN,winX_other,1129
2026-01-10,CN,winX_supported,148623
2026-01-10,IR,non_windows,56
2026-01-10,IR,win10,940
2026-01-10,IR,win11,264
2026-01-10,IR,win1x_other,0
2026-01-10,IR,winX_other,2
2026-01-10,IR,winX_supported,169
2026-01-11,CN,non_windows,60828
2026-01-11,CN,win10,238288
2026-01-11,CN,win11,212862
2026-01-11,CN,win1x_other,0
2026-01-11,CN,winX_other,963
2026-01-11,CN,winX_supported,124991
2026-01-11,IR,non_windows,59
2026-01-11,IR,win10,1074
2026-01-11,IR,win11,269
2026-01-11,IR,win1x_other,0
2026-01-11,IR,winX_other,2
2026-01-11,IR,winX_supported,207
2026-01-12,CN,non_windows,116519
2026-01-12,CN,win10,481155
2026-01-12,CN,win11,361167
2026-01-12,CN,win1x_other,0
2026-01-12,CN,winX_other,2043
2026-01-12,CN,winX_supported,312850
2026-01-12,IR,non_windows,68
2026-01-12,IR,win10,1070
2026-01-12,IR,win11,328
2026-01-12,IR,win1x_other,0
2026-01-12,IR,winX_other,1
2026-01-12,IR,winX_supported,202
2026-01-13,CN,non_windows,117853
2026-01-13,CN,win10,477443
2026-01-13,CN,win11,359981
2026-01-13,CN,win1x_other,0
2026-01-13,CN,winX_other,1998
2026-01-13,CN,winX_supported,308507
2026-01-13,IR,non_windows,85
2026-01-13,IR,win10,1328
2026-01-13,IR,win11,384
2026-01-13,IR,win1x_other,0
2026-01-13,IR,winX_other,2
2026-01-13,IR,winX_supported,302
2026-01-14,CN,non_windows,118324
2026-01-14,CN,win10,478876
2026-01-14,CN,win11,361330
2026-01-14,CN,win1x_other,0
2026-01-14,CN,winX_other,1962
2026-01-14,CN,winX_supported,306491
2026-01-14,IR,non_windows,96
2026-01-14,IR,win10,1713
2026-01-14,IR,win11,478
2026-01-14,IR,win1x_other,0
2026-01-14,IR,winX_other,2
2026-01-14,IR,winX_supported,442
2026-01-15,CN,non_windows,117552
2026-01-15,CN,win10,478216
2026-01-15,CN,win11,359049
2026-01-15,CN,win1x_other,0
2026-01-15,CN,winX_other,2027
2026-01-15,CN,winX_supported,303024
2026-01-15,IR,non_windows,71
2026-01-15,IR,win10,1209
2026-01-15,IR,win11,335
2026-01-15,IR,win1x_other,0
2026-01-15,IR,winX_other,1
2026-01-15,IR,winX_supported,302
2026-01-16,CN,non_windows,114096
2026-01-16,CN,win10,463058
2026-01-16,CN,win11,346911
2026-01-16,CN,win1x_other,0
2026-01-16,CN,winX_other,1950
2026-01-16,CN,winX_supported,292101
2026-01-16,IR,non_windows,51
2026-01-16,IR,win10,683
2026-01-16,IR,win11,231
2026-01-16,IR,win1x_other,0
2026-01-16,IR,winX_other,0
2026-01-16,IR,winX_supported,128
2026-01-17,CN,non_windows,68642
2026-01-17,CN,win10,276447
2026-01-17,CN,win11,224281
2026-01-17,CN,win1x_other,0
2026-01-17,CN,winX_other,1103
2026-01-17,CN,winX_supported,146573
2026-01-17,IR,non_windows,191
2026-01-17,IR,win10,1903
2026-01-17,IR,win11,821
2026-01-17,IR,win1x_other,0
2026-01-17,IR,winX_other,4
2026-01-17,IR,winX_supported,543
2026-01-18,CN,non_windows,61704
2026-01-18,CN,win10,241875
2026-01-18,CN,win11,214479
2026-01-18,CN,win1x_other,0
2026-01-18,CN,winX_other,984
2026-01-18,CN,winX_supported,124706
2026-01-18,IR,non_windows,679
2026-01-18,IR,win10,9461
2026-01-18,IR,win11,3751
2026-01-18,IR,win1x_other,0
2026-01-18,IR,winX_other,21
2026-01-18,IR,winX_supported,3278
2026-01-19,CN,non_windows,116647
2026-01-19,CN,win10,478215
2026-01-19,CN,win11,357788
2026-01-19,CN,win1x_other,0
2026-01-19,CN,winX_other,1975
2026-01-19,CN,winX_supported,304284
2026-01-19,IR,non_windows,265
2026-01-19,IR,win10,4527
2026-01-19,IR,win11,1525
2026-01-19,IR,win1x_other,0
2026-01-19,IR,winX_other,2
2026-01-19,IR,winX_supported,1119
2026-01-20,CN,non_windows,116556
2026-01-20,CN,win10,470155
2026-01-20,CN,win11,355053
2026-01-20,CN,win1x_other,0
2026-01-20,CN,winX_other,1937
2026-01-20,CN,winX_supported,295239
2026-01-20,IR,non_windows,288
2026-01-20,IR,win10,3624
2026-01-20,IR,win11,1385
2026-01-20,IR,win1x_other,0
2026-01-20,IR,winX_other,4
2026-01-20,IR,winX_supported,759
2026-01-21,CN,non_windows,116253
2026-01-21,CN,win10,466708
2026-01-21,CN,win11,351897
2026-01-21,CN,win1x_other,0
2026-01-21,CN,winX_other,1913
2026-01-21,CN,winX_supported,292440
2026-01-21,IR,non_windows,396
2026-01-21,IR,win10,5012
2026-01-21,IR,win11,1935
2026-01-21,IR,win1x_other,0
2026-01-21,IR,winX_other,3
2026-01-21,IR,winX_supported,924
2026-01-22,CN,non_windows,115937
2026-01-22,CN,win10,463974
2026-01-22,CN,win11,349443
2026-01-22,CN,win1x_other,0
2026-01-22,CN,winX_other,1971
2026-01-22,CN,winX_supported,290476
2026-01-22,IR,non_windows,3444
2026-01-22,IR,win10,49533
2026-01-22,IR,win11,26017
2026-01-22,IR,win1x_other,0
2026-01-22,IR,winX_other,60
2026-01-22,IR,winX_supported,14944
2026-01-23,CN,non_windows,111422
2026-01-23,CN,win10,452638
2026-01-23,CN,win11,339999
2026-01-23,CN,win1x_other,0
2026-01-23,CN,winX_other,1905
2026-01-23,CN,winX_supported,281217
2026-01-23,IR,non_windows,5808
2026-01-23,IR,win10,102651
2026-01-23,IR,win11,54314
2026-01-23,IR,win1x_other,0
2026-01-23,IR,winX_other,147
2026-01-23,IR,winX_supported,32245
2026-01-24,CN,non_windows,67009
2026-01-24,CN,win10,271027
2026-01-24,CN,win11,221316
2026-01-24,CN,win1x_other,0
2026-01-24,CN,winX_other,1094
2026-01-24,CN,winX_supported,142722
2026-01-24,IR,non_windows,10838
2026-01-24,IR,win10,317176
2026-01-24,IR,win11,118302
2026-01-24,IR,win1x_other,0
2026-01-24,IR,winX_other,603
2026-01-24,IR,winX_supported,117392
2026-01-25,CN,non_windows,60303
2026-01-25,CN,win10,236143
2026-01-25,CN,win11,207444
2026-01-25,CN,win1x_other,0
2026-01-25,CN,winX_other,978
2026-01-25,CN,winX_supported,121317
2026-01-25,IR,non_windows,12887
2026-01-25,IR,win10,570391
2026-01-25,IR,win11,176329
2026-01-25,IR,win1x_other,0
2026-01-25,IR,winX_other,1513
2026-01-25,IR,winX_supported,232226
2026-01-26,CN,non_windows,116828
2026-01-26,CN,win10,469882
2026-01-26,CN,win11,353420
2026-01-26,CN,win1x_other,0
2026-01-26,CN,winX_other,2016
2026-01-26,CN,winX_supported,294451
2026-01-26,IR,non_windows,12692
2026-01-26,IR,win10,597222
2026-01-26,IR,win11,181752
2026-01-26,IR,win1x_other,0
2026-01-26,IR,winX_other,1691
2026-01-26,IR,winX_supported,256067
2026-01-27,CN,non_windows,119757
2026-01-27,CN,win10,466869
2026-01-27,CN,win11,352658
2026-01-27,CN,win1x_other,0
2026-01-27,CN,winX_other,1958
2026-01-27,CN,winX_supported,289893
2026-01-27,IR,non_windows,13969
2026-01-27,IR,win10,635402
2026-01-27,IR,win11,197597
2026-01-27,IR,win1x_other,0
2026-01-27,IR,winX_other,1705
2026-01-27,IR,winX_supported,274173
2026-01-28,CN,non_windows,119285
2026-01-28,CN,win10,461893
2026-01-28,CN,win11,351606
2026-01-28,CN,win1x_other,0
2026-01-28,CN,winX_other,1987
2026-01-28,CN,winX_supported,285554
2026-01-28,IR,non_windows,13586
2026-01-28,IR,win10,628379
2026-01-28,IR,win11,195945
2026-01-28,IR,win1x_other,0
2026-01-28,IR,winX_other,1752
2026-01-28,IR,winX_supported,273315
2026-01-29,CN,non_windows,119354
2026-01-29,CN,win10,462282
2026-01-29,CN,win11,351745
2026-01-29,CN,win1x_other,0
2026-01-29,CN,winX_other,1930
2026-01-29,CN,winX_supported,284087
2026-01-29,IR,non_windows,10472
2026-01-29,IR,win10,416220
2026-01-29,IR,win11,140563
2026-01-29,IR,win1x_other,0
2026-01-29,IR,winX_other,1168
2026-01-29,IR,winX_supported,176459
2026-01-30,CN,non_windows,114762
2026-01-30,CN,win10,453139
2026-01-30,CN,win11,344283
2026-01-30,CN,win1x_other,0
2026-01-30,CN,winX_other,1882
2026-01-30,CN,winX_supported,277068
2026-01-30,IR,non_windows,8945
2026-01-30,IR,win10,230488
2026-01-30,IR,win11,101622
2026-01-30,IR,win1x_other,0
2026-01-30,IR,winX_other,617
2026-01-30,IR,winX_supported,91109
2026-01-31,CN,non_windows,71190
2026-01-31,CN,win10,284716
2026-01-31,CN,win11,229272
2026-01-31,CN,win1x_other,0
2026-01-31,CN,winX_other,1141
2026-01-31,CN,winX_supported,148115
2026-01-31,IR,non_windows,13121
2026-01-31,IR,win10,644503
2026-01-31,IR,win11,196783
2026-01-31,IR,win1x_other,0
2026-01-31,IR,winX_other,1875
2026-01-31,IR,winX_supported,287528
2026-02-01,CN,non_windows,63310
2026-02-01,CN,win10,244444
2026-02-01,CN,win11,212006
2026-02-01,CN,win1x_other,0
2026-02-01,CN,winX_other,999
2026-02-01,CN,winX_supported,126433
2026-02-01,IR,non_windows,13081
2026-02-01,IR,win10,637780
2026-02-01,IR,win11,193875
2026-02-01,IR,win1x_other,0
2026-02-01,IR,winX_other,1844
2026-02-01,IR,winX_supported,286113
2026-02-02,CN,non_windows,116144
2026-02-02,CN,win10,463738
2026-02-02,CN,win11,350550
2026-02-02,CN,win1x_other,0
2026-02-02,CN,winX_other,2012
2026-02-02,CN,winX_supported,288399
2026-02-02,IR,non_windows,12957
2026-02-02,IR,win10,631721
2026-02-02,IR,win11,194176
2026-02-02,IR,win1x_other,0
2026-02-02,IR,winX_other,1838
2026-02-02,IR,winX_supported,283784
2026-02-03,CN,non_windows,116845
2026-02-03,CN,win10,457277
2026-02-03,CN,win11,347681
2026-02-03,CN,win1x_other,0
2026-02-03,CN,winX_other,1921
2026-02-03,CN,winX_supported,280852
2026-02-03,IR,non_windows,12367
2026-02-03,IR,win10,597461
2026-02-03,IR,win11,181303
2026-02-03,IR,win1x_other,0
2026-02-03,IR,winX_other,1732
2026-02-03,IR,winX_supported,268354
2026-02-04,CN,non_windows,116134
2026-02-04,CN,win10,454497
2026-02-04,CN,win11,346866
2026-02-04,CN,win1x_other,0
2026-02-04,CN,winX_other,1860
2026-02-04,CN,winX_supported,277754
2026-02-04,IR,non_windows,9305
2026-02-04,IR,win10,260575
2026-02-04,IR,win11,106222
2026-02-04,IR,win1x_other,0
2026-02-04,IR,winX_other,761
2026-02-04,IR,winX_supported,106940
2026-02-05,CN,non_windows,115105
2026-02-05,CN,win10,451326
2026-02-05,CN,win11,345447
2026-02-05,CN,win1x_other,0
2026-02-05,CN,winX_other,1879
2026-02-05,CN,winX_supported,274304
2026-02-05,IR,non_windows,9779
2026-02-05,IR,win10,369281
2026-02-05,IR,win11,126064
2026-02-05,IR,win1x_other,0
2026-02-05,IR,winX_other,1165
2026-02-05,IR,winX_supported,159561
2026-02-06,CN,non_windows,109409
2026-02-06,CN,win10,437838
2026-02-06,CN,win11,335125
2026-02-06,CN,win1x_other,0
2026-02-06,CN,winX_other,1811
2026-02-06,CN,winX_supported,262848
2026-02-06,IR,non_windows,8773
2026-02-06,IR,win10,224477
2026-02-06,IR,win11,100020
2026-02-06,IR,win1x_other,0
2026-02-06,IR,winX_other,593
2026-02-06,IR,winX_supported,88279
2026-02-07,CN,non_windows,67415
2026-02-07,CN,win10,271892
2026-02-07,CN,win11,220910
2026-02-07,CN,win1x_other,0
2026-02-07,CN,winX_other,1111
2026-02-07,CN,winX_supported,142100
2026-02-07,IR,non_windows,12939
2026-02-07,IR,win10,638430
2026-02-07,IR,win11,195333
2026-02-07,IR,win1x_other,0
2026-02-07,IR,winX_other,1923
2026-02-07,IR,winX_supported,287148
2026-02-08,CN,non_windows,60039
2026-02-08,CN,win10,236586
2026-02-08,CN,win11,203861
2026-02-08,CN,win1x_other,0
2026-02-08,CN,winX_other,933
2026-02-08,CN,winX_supported,120747
2026-02-08,IR,non_windows,13123
2026-02-08,IR,win10,642682
2026-02-08,IR,win11,196794
2026-02-08,IR,win1x_other,0
2026-02-08,IR,winX_other,1900
2026-02-08,IR,winX_supported,290390
2026-02-09,CN,non_windows,103877
2026-02-09,CN,win10,419397
2026-02-09,CN,win11,324352
2026-02-09,CN,win1x_other,0
2026-02-09,CN,winX_other,1796
2026-02-09,CN,winX_supported,257167
2026-02-09,IR,non_windows,13258
2026-02-09,IR,win10,636856
2026-02-09,IR,win11,192243
2026-02-09,IR,win1x_other,0
2026-02-09,IR,winX_other,1921
2026-02-09,IR,winX_supported,287672
2026-02-10,CN,non_windows,101874
2026-02-10,CN,win10,402561
2026-02-10,CN,win11,316457
2026-02-10,CN,win1x_other,0
2026-02-10,CN,winX_other,1665
2026-02-10,CN,winX_supported,242417
2026-02-10,IR,non_windows,12720
2026-02-10,IR,win10,609912
2026-02-10,IR,win11,184710
2026-02-10,IR,win1x_other,0
2026-02-10,IR,winX_other,1801
2026-02-10,IR,winX_supported,274853
2026-02-11,CN,non_windows,96309
2026-02-11,CN,win10,376610
2026-02-11,CN,win11,298567
2026-02-11,CN,win1x_other,0
2026-02-11,CN,winX_other,1561
2026-02-11,CN,winX_supported,226767
2026-02-11,IR,non_windows,9285
2026-02-11,IR,win10,263379
2026-02-11,IR,win11,107208
2026-02-11,IR,win1x_other,0
2026-02-11,IR,winX_other,747
2026-02-11,IR,winX_supported,106558
2026-02-12,CN,non_windows,89014
2026-02-12,CN,win10,346933
2026-02-12,CN,win11,279536
2026-02-12,CN,win1x_other,0
2026-02-12,CN,winX_other,1435
2026-02-12,CN,winX_supported,208862
2026-02-12,IR,non_windows,10005
2026-02-12,IR,win10,379904
2026-02-12,IR,win11,127600
2026-02-12,IR,win1x_other,0
2026-02-12,IR,winX_other,1183
2026-02-12,IR,winX_supported,164577
2026-02-13,CN,non_windows,78081
2026-02-13,CN,win10,302933
2026-02-13,CN,win11,250748
2026-02-13,CN,win1x_other,0
2026-02-13,CN,winX_other,1312
2026-02-13,CN,winX_supported,179960
2026-02-13,IR,non_windows,8943
2026-02-13,IR,win10,234325
2026-02-13,IR,win11,101938
2026-02-13,IR,win1x_other,0
2026-02-13,IR,winX_other,661
2026-02-13,IR,winX_supported,94191
2026-02-14,CN,non_windows,60806
2026-02-14,CN,win10,225181
2026-02-14,CN,win11,194174
2026-02-14,CN,win1x_other,0
2026-02-14,CN,winX_other,952
2026-02-14,CN,winX_supported,133838
2026-02-14,IR,non_windows,13129
2026-02-14,IR,win10,655098
2026-02-14,IR,win11,199371
2026-02-14,IR,win1x_other,0
2026-02-14,IR,winX_other,1949
2026-02-14,IR,winX_supported,294311
2026-02-15,CN,non_windows,43922
2026-02-15,CN,win10,150678
2026-02-15,CN,win11,142884
2026-02-15,CN,win1x_other,0
2026-02-15,CN,winX_other,600
2026-02-15,CN,winX_supported,73741
2026-02-15,IR,non_windows,13281
2026-02-15,IR,win10,649452
2026-02-15,IR,win11,198997
2026-02-15,IR,win1x_other,0
2026-02-15,IR,winX_other,1929
2026-02-15,IR,winX_supported,291001
2026-02-16,CN,non_windows,37564
2026-02-16,CN,win10,123743
2026-02-16,CN,win11,123662
2026-02-16,CN,win1x_other,0
2026-02-16,CN,winX_other,501
2026-02-16,CN,winX_supported,56613
2026-02-16,IR,non_windows,13210
2026-02-16,IR,win10,638041
2026-02-16,IR,win11,194052
2026-02-16,IR,win1x_other,0
2026-02-16,IR,winX_other,1929
2026-02-16,IR,winX_supported,285131
2026-02-17,CN,non_windows,36257
2026-02-17,CN,win10,115806
2026-02-17,CN,win11,115527
2026-02-17,CN,win1x_other,0
2026-02-17,CN,winX_other,435
2026-02-17,CN,winX_supported,51052
2026-02-17,IR,non_windows,12959
2026-02-17,IR,win10,618756
2026-02-17,IR,win11,189307
2026-02-17,IR,win1x_other,0
2026-02-17,IR,winX_other,1858
2026-02-17,IR,winX_supported,275578
2026-02-18,CN,non_windows,35926
2026-02-18,CN,win10,116017
2026-02-18,CN,win11,115711
2026-02-18,CN,win1x_other,0
2026-02-18,CN,winX_other,489
2026-02-18,CN,winX_supported,53097
2026-02-18,IR,non_windows,12365
2026-02-18,IR,win10,598714
2026-02-18,IR,win11,180443
2026-02-18,IR,win1x_other,0
2026-02-18,IR,winX_other,1870
2026-02-18,IR,winX_supported,266101
2026-02-19,CN,non_windows,37200
2026-02-19,CN,win10,122514
2026-02-19,CN,win11,121747
2026-02-19,CN,win1x_other,0
2026-02-19,CN,winX_other,489
2026-02-19,CN,winX_supported,56875
2026-02-19,IR,non_windows,9952
2026-02-19,IR,win10,407380
2026-02-19,IR,win11,133634
2026-02-19,IR,win1x_other,0
2026-02-19,IR,winX_other,1291
2026-02-19,IR,winX_supported,175384
2026-02-20,CN,non_windows,39109
2026-02-20,CN,win10,131504
2026-02-20,CN,win11,129706
2026-02-20,CN,win1x_other,0
2026-02-20,CN,winX_other,551
2026-02-20,CN,winX_supported,62303
2026-02-20,IR,non_windows,8914
2026-02-20,IR,win10,229819
2026-02-20,IR,win11,99632
2026-02-20,IR,win1x_other,0
2026-02-20,IR,winX_other,647
2026-02-20,IR,winX_supported,90877
2026-02-21,CN,non_windows,41216
2026-02-21,CN,win10,141270
2026-02-21,CN,win11,136888
2026-02-21,CN,win1x_other,0
2026-02-21,CN,winX_other,578
2026-02-21,CN,winX_supported,67620
2026-02-21,IR,non_windows,12701
2026-02-21,IR,win10,628079
2026-02-21,IR,win11,190318
2026-02-21,IR,win1x_other,0
2026-02-21,IR,winX_other,1898
2026-02-21,IR,winX_supported,280521
2026-02-22,CN,non_windows,44053
2026-02-22,CN,win10,159326
2026-02-22,CN,win11,150457
2026-02-22,CN,win1x_other,0
2026-02-22,CN,winX_other,641
2026-02-22,CN,winX_supported,76910
2026-02-22,IR,non_windows,12936
2026-02-22,IR,win10,627992
2026-02-22,IR,win11,191114
2026-02-22,IR,win1x_other,0
2026-02-22,IR,winX_other,1844
2026-02-22,IR,winX_supported,279384
2026-02-23,CN,non_windows,50980
2026-02-23,CN,win10,194576
2026-02-23,CN,win11,180589
2026-02-23,CN,win1x_other,0
2026-02-23,CN,winX_other,825
2026-02-23,CN,winX_supported,95624
2026-02-23,IR,non_windows,12737
2026-02-23,IR,win10,625357
2026-02-23,IR,win11,190555
2026-02-23,IR,win1x_other,0
2026-02-23,IR,winX_other,1853
2026-02-23,IR,winX_supported,276832
2026-02-24,CN,non_windows,94079
2026-02-24,CN,win10,376158
2026-02-24,CN,win11,299404
2026-02-24,CN,win1x_other,0
2026-02-24,CN,winX_other,1544
2026-02-24,CN,winX_supported,224023
2026-02-24,IR,non_windows,12622
2026-02-24,IR,win10,614615
2026-02-24,IR,win11,186534
2026-02-24,IR,win1x_other,0
2026-02-24,IR,winX_other,1868
2026-02-24,IR,winX_supported,272473
2026-02-25,CN,non_windows,104330
2026-02-25,CN,win10,406037
2026-02-25,CN,win11,321989
2026-02-25,CN,win1x_other,0
2026-02-25,CN,winX_other,1661
2026-02-25,CN,winX_supported,238760
2026-02-25,IR,non_windows,12397
2026-02-25,IR,win10,605958
2026-02-25,IR,win11,184405
2026-02-25,IR,win1x_other,0
2026-02-25,IR,winX_other,1805
2026-02-25,IR,winX_supported,264064
2026-02-26,CN,non_windows,110915
2026-02-26,CN,win10,432216
2026-02-26,CN,win11,341894
2026-02-26,CN,win1x_other,0
2026-02-26,CN,winX_other,1801
2026-02-26,CN,winX_supported,251379
2026-02-26,IR,non_windows,9727
2026-02-26,IR,win10,398724
2026-02-26,IR,win11,130910
2026-02-26,IR,win1x_other,0
2026-02-26,IR,winX_other,1193
2026-02-26,IR,winX_supported,166275
2026-02-27,CN,non_windows,115129
2026-02-27,CN,win10,444300
2026-02-27,CN,win11,350148
2026-02-27,CN,win1x_other,0
2026-02-27,CN,winX_other,1763
2026-02-27,CN,winX_supported,258622
2026-02-27,IR,non_windows,8691
2026-02-27,IR,win10,225741
2026-02-27,IR,win11,98837
2026-02-27,IR,win1x_other,0
2026-02-27,IR,winX_other,638
2026-02-27,IR,winX_supported,87122
2026-02-28,CN,non_windows,111069
2026-02-28,CN,win10,427079
2026-02-28,CN,win11,338651
2026-02-28,CN,win1x_other,0
2026-02-28,CN,winX_other,1623
2026-02-28,CN,winX_supported,242887
2026-02-28,IR,non_windows,3752
2026-02-28,IR,win10,268565
2026-02-28,IR,win11,70579
2026-02-28,IR,win1x_other,0
2026-02-28,IR,winX_other,884
2026-02-28,IR,winX_supported,131142
2026-03-01,CN,non_windows,70081
2026-03-01,CN,win10,259308
2026-03-01,CN,win11,236034
2026-03-01,CN,win1x_other,0
2026-03-01,CN,winX_other,1011
2026-03-01,CN,winX_supported,128981
2026-03-01,IR,non_windows,287
2026-03-01,IR,win10,3424
2026-03-01,IR,win11,1553
2026-03-01,IR,win1x_other,0
2026-03-01,IR,winX_other,3
2026-03-01,IR,winX_supported,1071
2026-03-02,CN,non_windows,124820
2026-03-02,CN,win10,478531
2026-03-02,CN,win11,377749
2026-03-02,CN,win1x_other,0
2026-03-02,CN,winX_other,1943
2026-03-02,CN,winX_supported,285663
2026-03-02,IR,non_windows,299
2026-03-02,IR,win10,4318
2026-03-02,IR,win11,1952
2026-03-02,IR,win1x_other,0
2026-03-02,IR,winX_other,3
2026-03-02,IR,winX_supported,1277
2026-03-03,CN,non_windows,125375
2026-03-03,CN,win10,457033
2026-03-03,CN,win11,365875
2026-03-03,CN,win1x_other,0
2026-03-03,CN,winX_other,1830
2026-03-03,CN,winX_supported,265141
2026-03-03,IR,non_windows,213
2026-03-03,IR,win10,3014
2026-03-03,IR,win11,1563
2026-03-03,IR,win1x_other,0
2026-03-03,IR,winX_other,3
2026-03-03,IR,winX_supported,1082
2026-03-04,CN,non_windows,129215
2026-03-04,CN,win10,481075
2026-03-04,CN,win11,379431
2026-03-04,CN,win1x_other,0
2026-03-04,CN,winX_other,1931
2026-03-04,CN,winX_supported,285871
2026-03-04,IR,non_windows,260
2026-03-04,IR,win10,3515
2026-03-04,IR,win11,1809
2026-03-04,IR,win1x_other,0
2026-03-04,IR,winX_other,3
2026-03-04,IR,winX_supported,1222
2026-03-05,CN,non_windows,132852
2026-03-05,CN,win10,491714
2026-03-05,CN,win11,384596
2026-03-05,CN,win1x_other,0
2026-03-05,CN,winX_other,1974
2026-03-05,CN,winX_supported,293979
2026-03-05,IR,non_windows,333
2026-03-05,IR,win10,3324
2026-03-05,IR,win11,1863
2026-03-05,IR,win1x_other,0
2026-03-05,IR,winX_other,2
2026-03-05,IR,winX_supported,990
2026-03-06,CN,non_windows,129067
2026-03-06,CN,win10,478232
2026-03-06,CN,win11,375258
2026-03-06,CN,win1x_other,0
2026-03-06,CN,winX_other,1862
2026-03-06,CN,winX_supported,281202
2026-03-06,IR,non_windows,249
2026-03-06,IR,win10,1103
2026-03-06,IR,win11,915
2026-03-06,IR,win1x_other,0
2026-03-06,IR,winX_other,0
2026-03-06,IR,winX_supported,136
2026-03-07,CN,non_windows,81846
2026-03-07,CN,win10,282791
2026-03-07,CN,win11,244489
2026-03-07,CN,win1x_other,0
2026-03-07,CN,winX_other,1131
2026-03-07,CN,winX_supported,140413
2026-03-07,IR,non_windows,268
2026-03-07,IR,win10,2106
2026-03-07,IR,win11,1249
2026-03-07,IR,win1x_other,0
2026-03-07,IR,winX_other,0
2026-03-07,IR,winX_supported,276
2026-03-08,CN,non_windows,75758
2026-03-08,CN,win10,248636
2026-03-08,CN,win11,233558
2026-03-08,CN,win1x_other,0
2026-03-08,CN,winX_other,940
2026-03-08,CN,winX_supported,119030
2026-03-08,IR,non_windows,327
2026-03-08,IR,win10,4181
2026-03-08,IR,win11,1904
2026-03-08,IR,win1x_other,0
2026-03-08,IR,winX_other,3
2026-03-08,IR,winX_supported,864
2026-03-09,CN,non_windows,142529
2026-03-09,CN,win10,506705
2026-03-09,CN,win11,396848
2026-03-09,CN,win1x_other,0
2026-03-09,CN,winX_other,2026
2026-03-09,CN,winX_supported,303931
2026-03-09,IR,non_windows,293
2026-03-09,IR,win10,2952
2026-03-09,IR,win11,1669
2026-03-09,IR,win1x_other,0
2026-03-09,IR,winX_other,0
2026-03-09,IR,winX_supported,388
2026-03-10,CN,non_windows,148693
2026-03-10,CN,win10,504654
2026-03-10,CN,win11,397298
2026-03-10,CN,win1x_other,0
2026-03-10,CN,winX_other,2022
2026-03-10,CN,winX_supported,300216
2026-03-10,IR,non_windows,330
2026-03-10,IR,win10,2964
2026-03-10,IR,win11,1727
2026-03-10,IR,win1x_other,0
2026-03-10,IR,winX_other,1
2026-03-10,IR,winX_supported,376
2026-03-11,CN,non_windows,147524
2026-03-11,CN,win10,502254
2026-03-11,CN,win11,394840
2026-03-11,CN,win1x_other,0
2026-03-11,CN,winX_other,1949
2026-03-11,CN,winX_supported,297120
2026-03-11,IR,non_windows,256
2026-03-11,IR,win10,1609
2026-03-11,IR,win11,1250
2026-03-11,IR,win1x_other,0
2026-03-11,IR,winX_other,1
2026-03-11,IR,winX_supported,204
2026-03-12,CN,non_windows,148047
2026-03-12,CN,win10,503682
2026-03-12,CN,win11,396432
2026-03-12,CN,win1x_other,0
2026-03-12,CN,winX_other,1964
2026-03-12,CN,winX_supported,297170
2026-03-12,IR,non_windows,758
2026-03-12,IR,win10,12736
2026-03-12,IR,win11,5216
2026-03-12,IR,win1x_other,0
2026-03-12,IR,winX_other,24
2026-03-12,IR,winX_supported,4400
2026-03-13,CN,non_windows,140472
2026-03-13,CN,win10,491514
2026-03-13,CN,win11,385314
2026-03-13,CN,win1x_other,0
2026-03-13,CN,winX_other,1894
2026-03-13,CN,winX_supported,286770
2026-03-13,IR,non_windows,233
2026-03-13,IR,win10,1569
2026-03-13,IR,win11,1116
2026-03-13,IR,win1x_other,0
2026-03-13,IR,winX_other,1
2026-03-13,IR,winX_supported,266
2026-03-14,CN,non_windows,87618
2026-03-14,CN,win10,287484
2026-03-14,CN,win11,250005
2026-03-14,CN,win1x_other,0
2026-03-14,CN,winX_other,1097
2026-03-14,CN,winX_supported,139560
2026-03-14,IR,non_windows,737
2026-03-14,IR,win10,30061
2026-03-14,IR,win11,8703
2026-03-14,IR,win1x_other,0
2026-03-14,IR,winX_other,55
2026-03-14,IR,winX_supported,12139
2026-03-15,CN,non_windows,79818
2026-03-15,CN,win10,253903
2026-03-15,CN,win11,240282
2026-03-15,CN,win1x_other,0
2026-03-15,CN,winX_other,951
2026-03-15,CN,winX_supported,119560
2026-03-15,IR,non_windows,398
2026-03-15,IR,win10,4239
2026-03-15,IR,win11,2409
2026-03-15,IR,win1x_other,0
2026-03-15,IR,winX_other,4
2026-03-15,IR,winX_supported,846
2026-03-16,CN,non_windows,144918
2026-03-16,CN,win10,512367
2026-03-16,CN,win11,403605
2026-03-16,CN,win1x_other,0
2026-03-16,CN,winX_other,2087
2026-03-16,CN,winX_supported,303144
2026-03-16,IR,non_windows,200
2026-03-16,IR,win10,1135
2026-03-16,IR,win11,759
2026-03-16,IR,win1x_other,0
2026-03-16,IR,winX_other,0
2026-03-16,IR,winX_supported,133
2026-03-17,CN,non_windows,147497
2026-03-17,CN,win10,510199
2026-03-17,CN,win11,404161
2026-03-17,CN,win1x_other,0
2026-03-17,CN,winX_other,2020
2026-03-17,CN,winX_supported,299069
2026-03-17,IR,non_windows,176
2026-03-17,IR,win10,928
2026-03-17,IR,win11,631
2026-03-17,IR,win1x_other,0
2026-03-17,IR,winX_other,0
2026-03-17,IR,winX_supported,104
2026-03-18,CN,non_windows,146218
2026-03-18,CN,win10,509835
2026-03-18,CN,win11,405767
2026-03-18,CN,win1x_other,0
2026-03-18,CN,winX_other,1956
2026-03-18,CN,winX_supported,296111
2026-03-18,IR,non_windows,829
2026-03-18,IR,win10,10632
2026-03-18,IR,win11,5462
2026-03-18,IR,win1x_other,0
2026-03-18,IR,winX_other,30
2026-03-18,IR,winX_supported,2964
2026-03-19,CN,non_windows,146497
2026-03-19,CN,win10,508034
2026-03-19,CN,win11,403121
2026-03-19,CN,win1x_other,0
2026-03-19,CN,winX_other,1978
2026-03-19,CN,winX_supported,294207
2026-03-19,IR,non_windows,447
2026-03-19,IR,win10,3473
2026-03-19,IR,win11,2384
2026-03-19,IR,win1x_other,0
2026-03-19,IR,winX_other,0
2026-03-19,IR,winX_supported,581
2026-03-20,CN,non_windows,138562
2026-03-20,CN,win10,487446
2026-03-20,CN,win11,387377
2026-03-20,CN,win1x_other,0
2026-03-20,CN,winX_other,1868
2026-03-20,CN,winX_supported,278507
2026-03-20,IR,non_windows,224
2026-03-20,IR,win10,1855
2026-03-20,IR,win11,1223
2026-03-20,IR,win1x_other,0
2026-03-20,IR,winX_other,1
2026-03-20,IR,winX_supported,388
2026-03-21,CN,non_windows,84916
2026-03-21,CN,win10,285492
2026-03-21,CN,win11,251195
2026-03-21,CN,win1x_other,0
2026-03-21,CN,winX_other,1071
2026-03-21,CN,winX_supported,135952
2026-03-21,IR,non_windows,187
2026-03-21,IR,win10,1287
2026-03-21,IR,win11,981
2026-03-21,IR,win1x_other,0
2026-03-21,IR,winX_other,1
2026-03-21,IR,winX_supported,193
2026-03-22,CN,non_windows,78505
2026-03-22,CN,win10,253027
2026-03-22,CN,win11,243113
2026-03-22,CN,win1x_other,0
2026-03-22,CN,winX_other,952
2026-03-22,CN,winX_supported,117025
2026-03-22,IR,non_windows,215
2026-03-22,IR,win10,1399
2026-03-22,IR,win11,1031
2026-03-22,IR,win1x_other,0
2026-03-22,IR,winX_other,1
2026-03-22,IR,winX_supported,215
2026-03-23,CN,non_windows,144823
2026-03-23,CN,win10,517953
2026-03-23,CN,win11,415457
2026-03-23,CN,win1x_other,0
2026-03-23,CN,winX_other,1968
2026-03-23,CN,winX_supported,300422
2026-03-23,IR,non_windows,239
2026-03-23,IR,win10,1479
2026-03-23,IR,win11,1094
2026-03-23,IR,win1x_other,0
2026-03-23,IR,winX_other,1
2026-03-23,IR,winX_supported,206
2026-03-24,CN,non_windows,148894
2026-03-24,CN,win10,516993
2026-03-24,CN,win11,411840
2026-03-24,CN,win1x_other,0
2026-03-24,CN,winX_other,1957
2026-03-24,CN,winX_supported,298427
2026-03-24,IR,non_windows,245
2026-03-24,IR,win10,1508
2026-03-24,IR,win11,1173
2026-03-24,IR,win1x_other,0
2026-03-24,IR,winX_other,0
2026-03-24,IR,winX_supported,228
2026-03-25,CN,non_windows,146359
2026-03-25,CN,win10,515832
2026-03-25,CN,win11,411240
2026-03-25,CN,win1x_other,0
2026-03-25,CN,winX_other,1908
2026-03-25,CN,winX_supported,295642
2026-03-25,IR,non_windows,332
2026-03-25,IR,win10,2110
2026-03-25,IR,win11,1521
2026-03-25,IR,win1x_other,0
2026-03-25,IR,winX_other,1
2026-03-25,IR,winX_supported,344
2026-03-26,CN,non_windows,144893
2026-03-26,CN,win10,517039
2026-03-26,CN,win11,410658
2026-03-26,CN,win1x_other,0
2026-03-26,CN,winX_other,1886
2026-03-26,CN,winX_supported,291517
2026-03-26,IR,non_windows,300
2026-03-26,IR,win10,2020
2026-03-26,IR,win11,1447
2026-03-26,IR,win1x_other,0
2026-03-26,IR,winX_other,1
2026-03-26,IR,winX_supported,300
2026-03-27,CN,non_windows,138727
2026-03-27,CN,win10,501521
2026-03-27,CN,win11,397106
2026-03-27,CN,win1x_other,0
2026-03-27,CN,winX_other,1825
2026-03-27,CN,winX_supported,280868
2026-03-27,IR,non_windows,251
2026-03-27,IR,win10,1881
2026-03-27,IR,win11,1343
2026-03-27,IR,win1x_other,0
2026-03-27,IR,winX_other,1
2026-03-27,IR,winX_supported,293
2026-03-28,CN,non_windows,83831
2026-03-28,CN,win10,294338
2026-03-28,CN,win11,257739
2026-03-28,CN,win1x_other,0
2026-03-28,CN,winX_other,1069
2026-03-28,CN,winX_supported,137549
2026-03-28,IR,non_windows,343
2026-03-28,IR,win10,2800
2026-03-28,IR,win11,1949
2026-03-28,IR,win1x_other,0
2026-03-28,IR,winX_other,2
2026-03-28,IR,winX_supported,505
2026-03-29,CN,non_windows,77221
2026-03-29,CN,win10,258381
2026-03-29,CN,win11,245716
2026-03-29,CN,win1x_other,0
2026-03-29,CN,winX_other,956
2026-03-29,CN,winX_supported,118166
2026-03-29,IR,non_windows,397
2026-03-29,IR,win10,2787
2026-03-29,IR,win11,1952
2026-03-29,IR,win1x_other,0
2026-03-29,IR,winX_other,1
2026-03-29,IR,winX_supported,482
2026-03-30,CN,non_windows,144477
2026-03-30,CN,win10,524083
2026-03-30,CN,win11,414313
2026-03-30,CN,win1x_other,0
2026-03-30,CN,winX_other,1957
2026-03-30,CN,winX_supported,299871
2026-03-30,IR,non_windows,409
2026-03-30,IR,win10,3157
2026-03-30,IR,win11,2058
2026-03-30,IR,win1x_other,0
2026-03-30,IR,winX_other,1
2026-03-30,IR,winX_supported,487
2026-03-31,CN,non_windows,147062
2026-03-31,CN,win10,525863
2026-03-31,CN,win11,415632
2026-03-31,CN,win1x_other,0
2026-03-31,CN,winX_other,1929
2026-03-31,CN,winX_supported,298867
2026-03-31,IR,non_windows,476
2026-03-31,IR,win10,2964
2026-03-31,IR,win11,2153
2026-03-31,IR,win1x_other,0
2026-03-31,IR,winX_other,1
2026-03-31,IR,winX_supported,480
2026-04-01,CN,non_windows,146563
2026-04-01,CN,win10,518286
2026-04-01,CN,win11,412126
2026-04-01,CN,win1x_other,0
2026-04-01,CN,winX_other,1900
2026-04-01,CN,winX_supported,295590
2026-04-01,IR,non_windows,367
2026-04-01,IR,win10,2324
2026-04-01,IR,win11,1750
2026-04-01,IR,win1x_other,0
2026-04-01,IR,winX_other,1
2026-04-01,IR,winX_supported,378
2026-04-02,CN,non_windows,145070
2026-04-02,CN,win10,510850
2026-04-02,CN,win11,406435
2026-04-02,CN,win1x_other,0
2026-04-02,CN,winX_other,1874
2026-04-02,CN,winX_supported,288752
2026-04-02,IR,non_windows,301
2026-04-02,IR,win10,1795
2026-04-02,IR,win11,1420
2026-04-02,IR,win1x_other,0
2026-04-02,IR,winX_other,2
2026-04-02,IR,winX_supported,265
2026-04-03,CN,non_windows,133815
2026-04-03,CN,win10,482913
2026-04-03,CN,win11,385081
2026-04-03,CN,win1x_other,0
2026-04-03,CN,winX_other,1773
2026-04-03,CN,winX_supported,270881
2026-04-03,IR,non_windows,307
2026-04-03,IR,win10,2270
2026-04-03,IR,win11,1624
2026-04-03,IR,win1x_other,0
2026-04-03,IR,winX_other,3
2026-04-03,IR,winX_supported,405
2026-04-04,CN,non_windows,70812
2026-04-04,CN,win10,233618
2026-04-04,CN,win11,215363
2026-04-04,CN,win1x_other,0
2026-04-04,CN,winX_other,875
2026-04-04,CN,winX_supported,108712
2026-04-04,IR,non_windows,543
2026-04-04,IR,win10,4781
2026-04-04,IR,win11,3050
2026-04-04,IR,win1x_other,0
2026-04-04,IR,winX_other,3
2026-04-04,IR,winX_supported,887
2026-04-05,CN,non_windows,63753
2026-04-05,CN,win10,205806
2026-04-05,CN,win11,200187
2026-04-05,CN,win1x_other,0
2026-04-05,CN,winX_other,748
2026-04-05,CN,winX_supported,92343
2026-04-05,IR,non_windows,661
2026-04-05,IR,win10,6207
2026-04-05,IR,win11,3646
2026-04-05,IR,win1x_other,0
2026-04-05,IR,winX_other,2
2026-04-05,IR,winX_supported,1299
2026-04-06,CN,non_windows,72746
2026-04-06,CN,win10,265773
2026-04-06,CN,win11,244396
2026-04-06,CN,win1x_other,0
2026-04-06,CN,winX_other,1009
2026-04-06,CN,winX_supported,124967
2026-04-06,IR,non_windows,667
2026-04-06,IR,win10,7715
2026-04-06,IR,win11,4055
2026-04-06,IR,win1x_other,0
2026-04-06,IR,winX_other,4
2026-04-06,IR,winX_supported,1650
2026-04-07,CN,non_windows,144612
2026-04-07,CN,win10,526347
2026-04-07,CN,win11,419869
2026-04-07,CN,win1x_other,0
2026-04-07,CN,winX_other,1916
2026-04-07,CN,winX_supported,300644
2026-04-07,IR,non_windows,639
2026-04-07,IR,win10,7432
2026-04-07,IR,win11,4038
2026-04-07,IR,win1x_other,0
2026-04-07,IR,winX_other,5
2026-04-07,IR,winX_supported,1607
2026-04-08,CN,non_windows,149571
2026-04-08,CN,win10,526870
2026-04-08,CN,win11,423661
2026-04-08,CN,win1x_other,0
2026-04-08,CN,winX_other,1886
2026-04-08,CN,winX_supported,297105
2026-04-08,IR,non_windows,631
2026-04-08,IR,win10,6908
2026-04-08,IR,win11,3720
2026-04-08,IR,win1x_other,0
2026-04-08,IR,winX_other,5
2026-04-08,IR,winX_supported,1521
2026-04-09,CN,non_windows,149852
2026-04-09,CN,win10,526304
2026-04-09,CN,win11,422336
2026-04-09,CN,win1x_other,0
2026-04-09,CN,winX_other,1886
2026-04-09,CN,winX_supported,294148
2026-04-09,IR,non_windows,493
2026-04-09,IR,win10,4415
2026-04-09,IR,win11,2746
2026-04-09,IR,win1x_other,0
2026-04-09,IR,winX_other,3
2026-04-09,IR,winX_supported,892
2026-04-10,CN,non_windows,143753
2026-04-10,CN,win10,521452
2026-04-10,CN,win11,418436
2026-04-10,CN,win1x_other,0
2026-04-10,CN,winX_other,1822
2026-04-10,CN,winX_supported,284330
2026-04-10,IR,non_windows,426
2026-04-10,IR,win10,3281
2026-04-10,IR,win11,2073
2026-04-10,IR,win1x_other,0
2026-04-10,IR,winX_other,4
2026-04-10,IR,winX_supported,585
2026-04-11,CN,non_windows,87426
2026-04-11,CN,win10,304487
2026-04-11,CN,win11,270899
2026-04-11,CN,win1x_other,0
2026-04-11,CN,winX_other,1075
2026-04-11,CN,winX_supported,141460
2026-04-11,IR,non_windows,990
2026-04-11,IR,win10,13188
2026-04-11,IR,win11,5881
2026-04-11,IR,win1x_other,0
2026-04-11,IR,winX_other,10
2026-04-11,IR,winX_supported,2894
2026-04-12,CN,non_windows,79230
2026-04-12,CN,win10,262079
2026-04-12,CN,win11,253519
2026-04-12,CN,win1x_other,0
2026-04-12,CN,winX_other,923
2026-04-12,CN,winX_supported,119125
2026-04-12,IR,non_windows,1052
2026-04-12,IR,win10,14211
2026-04-12,IR,win11,6297
2026-04-12,IR,win1x_other,0
2026-04-12,IR,winX_other,8
2026-04-12,IR,winX_supported,3055
2026-04-13,CN,non_windows,146372
2026-04-13,CN,win10,529214
2026-04-13,CN,win11,422253
2026-04-13,CN,win1x_other,0
2026-04-13,CN,winX_other,1941
2026-04-13,CN,winX_supported,296318
2026-04-13,IR,non_windows,1241
2026-04-13,IR,win10,15142
2026-04-13,IR,win11,7125
2026-04-13,IR,win1x_other,0
2026-04-13,IR,winX_other,11
2026-04-13,IR,winX_supported,3239
2026-04-14,CN,non_windows,149429
2026-04-14,CN,win10,529193
2026-04-14,CN,win11,423067
2026-04-14,CN,win1x_other,0
2026-04-14,CN,winX_other,1844
2026-04-14,CN,winX_supported,293747
2026-04-14,IR,non_windows,707
2026-04-14,IR,win10,4882
2026-04-14,IR,win11,3186
2026-04-14,IR,win1x_other,0
2026-04-14,IR,winX_other,4
2026-04-14,IR,winX_supported,863
2026-04-15,CN,non_windows,147342
2026-04-15,CN,win10,528568
2026-04-15,CN,win11,422960
2026-04-15,CN,win1x_other,0
2026-04-15,CN,winX_other,1871
2026-04-15,CN,winX_supported,291223
2026-04-15,IR,non_windows,1323
2026-04-15,IR,win10,16352
2026-04-15,IR,win11,7612
2026-04-15,IR,win1x_other,0
2026-04-15,IR,winX_other,10
2026-04-15,IR,winX_supported,3468
2026-04-16,CN,non_windows,145418
2026-04-16,CN,win10,525026
2026-04-16,CN,win11,421444
2026-04-16,CN,win1x_other,0
2026-04-16,CN,winX_other,1849
2026-04-16,CN,winX_supported,287623
2026-04-16,IR,non_windows,967
2026-04-16,IR,win10,9645
2026-04-16,IR,win11,5494
2026-04-16,IR,win1x_other,0
2026-04-16,IR,winX_other,4
2026-04-16,IR,winX_supported,2203
2026-04-17,CN,non_windows,138293
2026-04-17,CN,win10,504445
2026-04-17,CN,win11,405775
2026-04-17,CN,win1x_other,0
2026-04-17,CN,winX_other,1771
2026-04-17,CN,winX_supported,273292
2026-04-17,IR,non_windows,614
2026-04-17,IR,win10,4212
2026-04-17,IR,win11,2836
2026-04-17,IR,win1x_other,0
2026-04-17,IR,winX_other,1
2026-04-17,IR,winX_supported,753
2026-04-18,CN,non_windows,83969
2026-04-18,CN,win10,295522
2026-04-18,CN,win11,263352
2026-04-18,CN,win1x_other,0
2026-04-18,CN,winX_other,1027
2026-04-18,CN,winX_supported,136444
2026-04-18,IR,non_windows,1537
2026-04-18,IR,win10,19686
2026-04-18,IR,win11,8956
2026-04-18,IR,win1x_other,0
2026-04-18,IR,winX_other,10
2026-04-18,IR,winX_supported,4352
2026-04-19,CN,non_windows,77604
2026-04-19,CN,win10,261932
2026-04-19,CN,win11,254494
2026-04-19,CN,win1x_other,0
2026-04-19,CN,winX_other,918
2026-04-19,CN,winX_supported,115210
2026-04-19,IR,non_windows,1668
2026-04-19,IR,win10,21576
2026-04-19,IR,win11,9685
2026-04-19,IR,win1x_other,0
2026-04-19,IR,winX_other,10
2026-04-19,IR,winX_supported,4745
2026-04-20,CN,non_windows,143667
2026-04-20,CN,win10,528777
2026-04-20,CN,win11,425498
2026-04-20,CN,win1x_other,0
2026-04-20,CN,winX_other,1872
2026-04-20,CN,winX_supported,289911
2026-04-20,IR,non_windows,1750
2026-04-20,IR,win10,23284
2026-04-20,IR,win11,10782
2026-04-20,IR,win1x_other,0
2026-04-20,IR,winX_other,16
2026-04-20,IR,winX_supported,5381
2026-04-21,CN,non_windows,147107
2026-04-21,CN,win10,530893
2026-04-21,CN,win11,427058
2026-04-21,CN,win1x_other,0
2026-04-21,CN,winX_other,1874
2026-04-21,CN,winX_supported,287905
2026-04-21,IR,non_windows,1746
2026-04-21,IR,win10,21232
2026-04-21,IR,win11,10181
2026-04-21,IR,win1x_other,0
2026-04-21,IR,winX_other,14
2026-04-21,IR,winX_supported,4573
2026-04-22,CN,non_windows,146206
2026-04-22,CN,win10,529571
2026-04-22,CN,win11,427433
2026-04-22,CN,win1x_other,0
2026-04-22,CN,winX_other,1797
2026-04-22,CN,winX_supported,284977
2026-04-22,IR,non_windows,1792
2026-04-22,IR,win10,20943
2026-04-22,IR,win11,10210
2026-04-22,IR,win1x_other,0
2026-04-22,IR,winX_other,14
2026-04-22,IR,winX_supported,4337
2026-04-23,CN,non_windows,145046
2026-04-23,CN,win10,526361
2026-04-23,CN,win11,425707
2026-04-23,CN,win1x_other,0
2026-04-23,CN,winX_other,1798
2026-04-23,CN,winX_supported,280516
2026-04-23,IR,non_windows,1120
2026-04-23,IR,win10,8913
2026-04-23,IR,win11,5340
2026-04-23,IR,win1x_other,0
2026-04-23,IR,winX_other,3
2026-04-23,IR,winX_supported,1630
2026-04-24,CN,non_windows,141051
2026-04-24,CN,win10,513650
2026-04-24,CN,win11,414893
2026-04-24,CN,win1x_other,0
2026-04-24,CN,winX_other,1727
2026-04-24,CN,winX_supported,272072
2026-04-24,IR,non_windows,929
2026-04-24,IR,win10,5630
2026-04-24,IR,win11,3904
2026-04-24,IR,win1x_other,0
2026-04-24,IR,winX_other,2
2026-04-24,IR,winX_supported,1028
2026-04-25,CN,non_windows,86537
2026-04-25,CN,win10,308674
2026-04-25,CN,win11,274463
2026-04-25,CN,win1x_other,0
2026-04-25,CN,winX_other,1048
2026-04-25,CN,winX_supported,136728
2026-04-25,IR,non_windows,1961
2026-04-25,IR,win10,24599
2026-04-25,IR,win11,11546
2026-04-25,IR,win1x_other,0
2026-04-25,IR,winX_other,12
2026-04-25,IR,winX_supported,5830
2026-04-26,CN,non_windows,78369
2026-04-26,CN,win10,267198
2026-04-26,CN,win11,258955
2026-04-26,CN,win1x_other,0
2026-04-26,CN,winX_other,1009
2026-04-26,CN,winX_supported,117156
2026-04-26,IR,non_windows,2177
2026-04-26,IR,win10,26377
2026-04-26,IR,win11,12816
2026-04-26,IR,win1x_other,0
2026-04-26,IR,winX_other,21
2026-04-26,IR,winX_supported,6203
2026-04-27,CN,non_windows,144540
2026-04-27,CN,win10,534319
2026-04-27,CN,win11,429778
2026-04-27,CN,win1x_other,0
2026-04-27,CN,winX_other,1888
2026-04-27,CN,winX_supported,288462
2026-04-27,IR,non_windows,2214
2026-04-27,IR,win10,27639
2026-04-27,IR,win11,13675
2026-04-27,IR,win1x_other,0
2026-04-27,IR,winX_other,20
2026-04-27,IR,winX_supported,7589
2026-04-28,CN,non_windows,145863
2026-04-28,CN,win10,531592
2026-04-28,CN,win11,428855
2026-04-28,CN,win1x_other,0
2026-04-28,CN,winX_other,1829
2026-04-28,CN,winX_supported,283112
2026-04-28,IR,non_windows,2173
2026-04-28,IR,win10,27844
2026-04-28,IR,win11,13450
2026-04-28,IR,win1x_other,0
2026-04-28,IR,winX_other,20
2026-04-28,IR,winX_supported,7333
2026-04-29,CN,non_windows,142912
2026-04-29,CN,win10,523582
2026-04-29,CN,win11,421673
2026-04-29,CN,win1x_other,0
2026-04-29,CN,winX_other,1790
2026-04-29,CN,winX_supported,280269
2026-04-29,IR,non_windows,2190
2026-04-29,IR,win10,26644
2026-04-29,IR,win11,13143
2026-04-29,IR,win1x_other,0
2026-04-29,IR,winX_other,24
2026-04-29,IR,winX_supported,6768
2026-04-30,CN,non_windows,129682
2026-04-30,CN,win10,495026
2026-04-30,CN,win11,394148
2026-04-30,CN,win1x_other,0
2026-04-30,CN,winX_other,1650
2026-04-30,CN,winX_supported,262743
2026-04-30,IR,non_windows,1333
2026-04-30,IR,win10,12150
2026-04-30,IR,win11,7318
2026-04-30,IR,win1x_other,0
2026-04-30,IR,winX_other,9
2026-04-30,IR,winX_supported,2508
2026-05-01,CN,non_windows,67603
2026-05-01,CN,win10,224690
2026-05-01,CN,win11,212990
2026-05-01,CN,win1x_other,0
2026-05-01,CN,winX_other,776
2026-05-01,CN,winX_supported,96183
2026-05-01,IR,non_windows,957
2026-05-01,IR,win10,6986
2026-05-01,IR,win11,4701
2026-05-01,IR,win1x_other,0
2026-05-01,IR,winX_other,5
2026-05-01,IR,winX_supported,1448
2026-05-02,CN,non_windows,62141
2026-05-02,CN,win10,213437
2026-05-02,CN,win11,199716
2026-05-02,CN,win1x_other,0
2026-05-02,CN,winX_other,761
2026-05-02,CN,winX_supported,92597
2026-05-02,IR,non_windows,2360
2026-05-02,IR,win10,28508
2026-05-02,IR,win11,14237
2026-05-02,IR,win1x_other,0
2026-05-02,IR,winX_other,22
2026-05-02,IR,winX_supported,7619
2026-05-03,CN,non_windows,61059
2026-05-03,CN,win10,216597
2026-05-03,CN,win11,201226
2026-05-03,CN,win1x_other,0
2026-05-03,CN,winX_other,774
2026-05-03,CN,winX_supported,95395
2026-05-03,IR,non_windows,2535
2026-05-03,IR,win10,30675
2026-05-03,IR,win11,15378
2026-05-03,IR,win1x_other,0
2026-05-03,IR,winX_other,28
2026-05-03,IR,winX_supported,8119
2026-05-04,CN,non_windows,63838
2026-05-04,CN,win10,245618
2026-05-04,CN,win11,220009
2026-05-04,CN,win1x_other,0
2026-05-04,CN,winX_other,857
2026-05-04,CN,winX_supported,111161
2026-05-04,IR,non_windows,2630
2026-05-04,IR,win10,31845
2026-05-04,IR,win11,15679
2026-05-04,IR,win1x_other,0
2026-05-04,IR,winX_other,24
2026-05-04,IR,winX_supported,8336
2026-05-05,CN,non_windows,73113
2026-05-05,CN,win10,288405
2026-05-05,CN,win11,262184
2026-05-05,CN,win1x_other,0
2026-05-05,CN,winX_other,1082
2026-05-05,CN,winX_supported,131488
2026-05-05,IR,non_windows,2718
2026-05-05,IR,win10,32427
2026-05-05,IR,win11,16362
2026-05-05,IR,win1x_other,0
2026-05-05,IR,winX_other,25
2026-05-05,IR,winX_supported,8518
2026-05-06,CN,non_windows,142374
2026-05-06,CN,win10,533176
2026-05-06,CN,win11,432023
2026-05-06,CN,win1x_other,0
2026-05-06,CN,winX_other,1851
2026-05-06,CN,winX_supported,292266
2026-05-06,IR,non_windows,2710
2026-05-06,IR,win10,33182
2026-05-06,IR,win11,16460
2026-05-06,IR,win1x_other,0
2026-05-06,IR,winX_other,32
2026-05-06,IR,winX_supported,8217
2026-05-07,CN,non_windows,148304
2026-05-07,CN,win10,537944
2026-05-07,CN,win11,436467
2026-05-07,CN,win1x_other,0
2026-05-07,CN,winX_other,1859
2026-05-07,CN,winX_supported,290304
2026-05-07,IR,non_windows,1811
2026-05-07,IR,win10,17643
2026-05-07,IR,win11,10685
2026-05-07,IR,win1x_other,0
2026-05-07,IR,winX_other,17
2026-05-07,IR,winX_supported,3789
2026-05-08,CN,non_windows,145863
2026-05-08,CN,win10,533090
2026-05-08,CN,win11,433716
2026-05-08,CN,win1x_other,0
2026-05-08,CN,winX_other,1850
2026-05-08,CN,winX_supported,285682
2026-05-08,IR,non_windows,1201
2026-05-08,IR,win10,9795
2026-05-08,IR,win11,6770
2026-05-08,IR,win1x_other,0
2026-05-08,IR,winX_other,5
2026-05-08,IR,winX_supported,2057
2026-05-09,CN,non_windows,138151
2026-05-09,CN,win10,496962
2026-05-09,CN,win11,407102
2026-05-09,CN,win1x_other,0
2026-05-09,CN,winX_other,1605
2026-05-09,CN,winX_supported,259929
2026-05-09,IR,non_windows,2979
2026-05-09,IR,win10,37565
2026-05-09,IR,win11,18999
2026-05-09,IR,win1x_other,0
2026-05-09,IR,winX_other,24
2026-05-09,IR,winX_supported,9577
2026-05-10,CN,non_windows,80384
2026-05-10,CN,win10,271605
2026-05-10,CN,win11,267446
2026-05-10,CN,win1x_other,0
2026-05-10,CN,winX_other,913
2026-05-10,CN,winX_supported,117286
2026-05-10,IR,non_windows,3124
2026-05-10,IR,win10,39558
2026-05-10,IR,win11,19922
2026-05-10,IR,win1x_other,0
2026-05-10,IR,winX_other,32
2026-05-10,IR,winX_supported,9835
2026-05-11,CN,non_windows,145835
2026-05-11,CN,win10,537677
2026-05-11,CN,win11,437041
2026-05-11,CN,win1x_other,0
2026-05-11,CN,winX_other,1837
2026-05-11,CN,winX_supported,287298
2026-05-11,IR,non_windows,3122
2026-05-11,IR,win10,41588
2026-05-11,IR,win11,20699
2026-05-11,IR,win1x_other,0
2026-05-11,IR,winX_other,33
2026-05-11,IR,winX_supported,10512
2026-05-12,CN,non_windows,147620
2026-05-12,CN,win10,533009
2026-05-12,CN,win11,436952
2026-05-12,CN,win1x_other,0
2026-05-12,CN,winX_other,1819
2026-05-12,CN,winX_supported,282644
2026-05-12,IR,non_windows,3226
2026-05-12,IR,win10,43435
2026-05-12,IR,win11,21711
2026-05-12,IR,win1x_other,0
2026-05-12,IR,winX_other,36
2026-05-12,IR,winX_supported,10696
2026-05-13,CN,non_windows,146685
2026-05-13,CN,win10,532491
2026-05-13,CN,win11,435677
2026-05-13,CN,win1x_other,0
2026-05-13,CN,winX_other,1817
2026-05-13,CN,winX_supported,279949
2026-05-13,IR,non_windows,3073
2026-05-13,IR,win10,41327
2026-05-13,IR,win11,20728
2026-05-13,IR,win1x_other,0
2026-05-13,IR,winX_other,38
2026-05-13,IR,winX_supported,10206
2026-05-14,CN,non_windows,146197
2026-05-14,CN,win10,530765
2026-05-14,CN,win11,435587
2026-05-14,CN,win1x_other,0
2026-05-14,CN,winX_other,1766
2026-05-14,CN,winX_supported,277010
2026-05-14,IR,non_windows,2179
2026-05-14,IR,win10,21042
2026-05-14,IR,win11,12403
2026-05-14,IR,win1x_other,0
2026-05-14,IR,winX_other,15
2026-05-14,IR,winX_supported,4445
2026-05-15,CN,non_windows,139731
2026-05-15,CN,win10,517254
2026-05-15,CN,win11,424474
2026-05-15,CN,win1x_other,0
2026-05-15,CN,winX_other,1696
2026-05-15,CN,winX_supported,266953
2026-05-15,IR,non_windows,1646
2026-05-15,IR,win10,14275
2026-05-15,IR,win11,9692
2026-05-15,IR,win1x_other,0
2026-05-15,IR,winX_other,6
2026-05-15,IR,winX_supported,2834
2026-05-16,CN,non_windows,83777
2026-05-16,CN,win10,302304
2026-05-16,CN,win11,274941
2026-05-16,CN,win1x_other,0
2026-05-16,CN,winX_other,1027
2026-05-16,CN,winX_supported,131571
2026-05-16,IR,non_windows,3684
2026-05-16,IR,win10,51075
2026-05-16,IR,win11,25794
2026-05-16,IR,win1x_other,0
2026-05-16,IR,winX_other,38
2026-05-16,IR,winX_supported,12007
2026-05-17,CN,non_windows,77770
2026-05-17,CN,win10,266065
2026-05-17,CN,win11,264531
2026-05-17,CN,win1x_other,0
2026-05-17,CN,winX_other,902
2026-05-17,CN,winX_supported,112027
2026-05-17,IR,non_windows,3813
2026-05-17,IR,win10,52012
2026-05-17,IR,win11,26579
2026-05-17,IR,win1x_other,0
2026-05-17,IR,winX_other,49
2026-05-17,IR,winX_supported,12053
2026-05-18,CN,non_windows,145416
2026-05-18,CN,win10,538419
2026-05-18,CN,win11,441390
2026-05-18,CN,win1x_other,0
2026-05-18,CN,winX_other,1826
2026-05-18,CN,winX_supported,281974
2026-05-18,IR,non_windows,3752
2026-05-18,IR,win10,54097
2026-05-18,IR,win11,27801
2026-05-18,IR,win1x_other,0
2026-05-18,IR,winX_other,39
2026-05-18,IR,winX_supported,12563
2026-05-19,CN,non_windows,147966
2026-05-19,CN,win10,537842
2026-05-19,CN,win11,441142
2026-05-19,CN,win1x_other,0
2026-05-19,CN,winX_other,1807
2026-05-19,CN,winX_supported,280320
2026-05-19,IR,non_windows,3837
2026-05-19,IR,win10,53996
2026-05-19,IR,win11,27661
2026-05-19,IR,win1x_other,0
2026-05-19,IR,winX_other,33
2026-05-19,IR,winX_supported,12385
2026-05-20,CN,non_windows,145534
2026-05-20,CN,win10,535141
2026-05-20,CN,win11,439966
2026-05-20,CN,win1x_other,0
2026-05-20,CN,winX_other,1759
2026-05-20,CN,winX_supported,276129
2026-05-20,IR,non_windows,3862
2026-05-20,IR,win10,56413
2026-05-20,IR,win11,28787
2026-05-20,IR,win1x_other,0
2026-05-20,IR,winX_other,38
2026-05-20,IR,winX_supported,13955
2026-05-21,CN,non_windows,146311
2026-05-21,CN,win10,538091
2026-05-21,CN,win11,441506
2026-05-21,CN,win1x_other,0
2026-05-21,CN,winX_other,1765
2026-05-21,CN,winX_supported,274243
2026-05-21,IR,non_windows,2431
2026-05-21,IR,win10,27170
2026-05-21,IR,win11,15826
2026-05-21,IR,win1x_other,0
2026-05-21,IR,winX_other,20
2026-05-21,IR,winX_supported,5627
2026-05-22,CN,non_windows,142340
2026-05-22,CN,win10,525385
2026-05-22,CN,win11,431561
2026-05-22,CN,win1x_other,0
2026-05-22,CN,winX_other,1692
2026-05-22,CN,winX_supported,266099
2026-05-22,IR,non_windows,1851
2026-05-22,IR,win10,16566
2026-05-22,IR,win11,11042
2026-05-22,IR,win1x_other,0
2026-05-22,IR,winX_other,14
2026-05-22,IR,winX_supported,3335
2026-05-23,CN,non_windows,84918
2026-05-23,CN,win10,311176
2026-05-23,CN,win11,281978
2026-05-23,CN,win1x_other,0
2026-05-23,CN,winX_other,1009
2026-05-23,CN,winX_supported,131644
2026-05-23,IR,non_windows,3969
2026-05-23,IR,win10,56153
2026-05-23,IR,win11,28621
2026-05-23,IR,win1x_other,0
2026-05-23,IR,winX_other,30
2026-05-23,IR,winX_supported,13145
2026-05-24,CN,non_windows,77648
2026-05-24,CN,win10,268078
2026-05-24,CN,win11,265976
2026-05-24,CN,win1x_other,0
2026-05-24,CN,winX_other,895
2026-05-24,CN,winX_supported,111366
2026-05-24,IR,non_windows,3969
2026-05-24,IR,win10,56274
2026-05-24,IR,win11,29032
2026-05-24,IR,win1x_other,0
2026-05-24,IR,winX_other,42
2026-05-24,IR,winX_supported,13529
2026-05-25,CN,non_windows,145876
2026-05-25,CN,win10,544745
2026-05-25,CN,win11,446998
2026-05-25,CN,win1x_other,0
2026-05-25,CN,winX_other,1820
2026-05-25,CN,winX_supported,281054
2026-05-25,IR,non_windows,4070
2026-05-25,IR,win10,58320
2026-05-25,IR,win11,29405
2026-05-25,IR,win1x_other,0
2026-05-25,IR,winX_other,37
2026-05-25,IR,winX_supported,13915
2026-05-26,CN,non_windows,147823
2026-05-26,CN,win10,540332
2026-05-26,CN,win11,445210
2026-05-26,CN,win1x_other,0
2026-05-26,CN,winX_other,1793
2026-05-26,CN,winX_supported,278663
2026-05-26,IR,non_windows,13267
2026-05-26,IR,win10,344157
2026-05-26,IR,win11,139139
2026-05-26,IR,win1x_other,0
2026-05-26,IR,winX_other,631
2026-05-26,IR,winX_supported,111523
2026-05-27,CN,non_windows,145775
2026-05-27,CN,win10,531572
2026-05-27,CN,win11,439073
2026-05-27,CN,win1x_other,0
2026-05-27,CN,winX_other,1741
2026-05-27,CN,winX_supported,271464
2026-05-27,IR,non_windows,12772
2026-05-27,IR,win10,272169
2026-05-27,IR,win11,130240
2026-05-27,IR,win1x_other,0
2026-05-27,IR,winX_other,607
2026-05-27,IR,winX_supported,89181
2026-05-28,CN,non_windows,146091
2026-05-28,CN,win10,530965
2026-05-28,CN,win11,437683
2026-05-28,CN,win1x_other,0
2026-05-28,CN,winX_other,1783
2026-05-28,CN,winX_supported,271667
2026-05-28,IR,non_windows,12354
2026-05-28,IR,win10,410187
2026-05-28,IR,win11,158215
2026-05-28,IR,win1x_other,0
2026-05-28,IR,winX_other,922
2026-05-28,IR,winX_supported,151460
2026-05-29,CN,non_windows,139997
2026-05-29,CN,win10,522989
2026-05-29,CN,win11,431008
2026-05-29,CN,win1x_other,0
2026-05-29,CN,winX_other,1692
2026-05-29,CN,winX_supported,261430
2026-05-29,IR,non_windows,11248
2026-05-29,IR,win10,245011
2026-05-29,IR,win11,122705
2026-05-29,IR,win1x_other,0
2026-05-29,IR,winX_other,533
2026-05-29,IR,winX_supported,81319
2026-05-30,CN,non_windows,82869
2026-05-30,CN,win10,310616
2026-05-30,CN,win11,281085
2026-05-30,CN,win1x_other,0
2026-05-30,CN,winX_other,1017
2026-05-30,CN,winX_supported,132191
2026-05-30,IR,non_windows,15773
2026-05-30,IR,win10,710830
2026-05-30,IR,win11,244443
2026-05-30,IR,win1x_other,0
2026-05-30,IR,winX_other,1556
2026-05-30,IR,winX_supported,274960
2026-05-31,CN,non_windows,75937
2026-05-31,CN,win10,277405
2026-05-31,CN,win11,269821
2026-05-31,CN,win1x_other,0
2026-05-31,CN,winX_other,895
2026-05-31,CN,winX_supported,115593
2026-05-31,IR,non_windows,15589
2026-05-31,IR,win10,693973
2026-05-31,IR,win11,238905
2026-05-31,IR,win1x_other,0
2026-05-31,IR,winX_other,1524
2026-05-31,IR,winX_supported,270281
2026-06-01,CN,non_windows,143569
2026-06-01,CN,win10,528680
2026-06-01,CN,win11,438037
2026-06-01,CN,win1x_other,0
2026-06-01,CN,winX_other,1805
2026-06-01,CN,winX_supported,270950
2026-06-01,IR,non_windows,15426
2026-06-01,IR,win10,686459
2026-06-01,IR,win11,235814
2026-06-01,IR,win1x_other,0
2026-06-01,IR,winX_other,1517
2026-06-01,IR,winX_supported,267342
2026-06-02,CN,non_windows,148850
2026-06-02,CN,win10,545399
2026-06-02,CN,win11,448740
2026-06-02,CN,win1x_other,0
2026-06-02,CN,winX_other,1816
2026-06-02,CN,winX_supported,280642
2026-06-02,IR,non_windows,15177
2026-06-02,IR,win10,663592
2026-06-02,IR,win11,228099
2026-06-02,IR,win1x_other,0
2026-06-02,IR,winX_other,1493
2026-06-02,IR,winX_supported,258599
2026-06-03,CN,non_windows,152017
2026-06-03,CN,win10,634162
2026-06-03,CN,win11,517160
2026-06-03,CN,win1x_other,0
2026-06-03,CN,winX_other,1853
2026-06-03,CN,winX_supported,278811
2026-06-03,IR,non_windows,14320
2026-06-03,IR,win10,610943
2026-06-03,IR,win11,207061
2026-06-03,IR,win1x_other,0
2026-06-03,IR,winX_other,1328
2026-06-03,IR,winX_supported,242005
2026-06-04,CN,non_windows,157833
2026-06-04,CN,win10,777942
2026-06-04,CN,win11,623033
2026-06-04,CN,win1x_other,0
2026-06-04,CN,winX_other,1810
2026-06-04,CN,winX_supported,276661
2026-06-04,IR,non_windows,10477
2026-06-04,IR,win10,249615
2026-06-04,IR,win11,114204
2026-06-04,IR,win1x_other,0
2026-06-04,IR,winX_other,543
2026-06-04,IR,winX_supported,86875
2026-06-05,CN,non_windows,155227
2026-06-05,CN,win10,846408
2026-06-05,CN,win11,673194
2026-06-05,CN,win1x_other,0
2026-06-05,CN,winX_other,1718
2026-06-05,CN,winX_supported,264233
2026-06-05,IR,non_windows,10291
2026-06-05,IR,win10,230734
2026-06-05,IR,win11,112081
2026-06-05,IR,win1x_other,0
2026-06-05,IR,winX_other,526
2026-06-05,IR,winX_supported,78100
2026-06-06,CN,non_windows,94733
2026-06-06,CN,win10,511828
2026-06-06,CN,win11,454570
2026-06-06,CN,win1x_other,0
2026-06-06,CN,winX_other,1009
2026-06-06,CN,winX_supported,129627
2026-06-06,IR,non_windows,14574
2026-06-06,IR,win10,626798
2026-06-06,IR,win11,214535
2026-06-06,IR,win1x_other,0
2026-06-06,IR,winX_other,1467
2026-06-06,IR,winX_supported,249107
2026-06-07,CN,non_windows,85450
2026-06-07,CN,win10,450502
2026-06-07,CN,win11,433413
2026-06-07,CN,win1x_other,0
2026-06-07,CN,winX_other,851
2026-06-07,CN,winX_supported,108898
2026-06-07,IR,non_windows,14741
2026-06-07,IR,win10,639553
2026-06-07,IR,win11,218012
2026-06-07,IR,win1x_other,0
2026-06-07,IR,winX_other,1464
2026-06-07,IR,winX_supported,254058
2026-06-08,CN,non_windows,161973
2026-06-08,CN,win10,928346
2026-06-08,CN,win11,741813
2026-06-08,CN,win1x_other,0
2026-06-08,CN,winX_other,1818
2026-06-08,CN,winX_supported,271908
2026-06-08,IR,non_windows,14453
2026-06-08,IR,win10,638121
2026-06-08,IR,win11,217643
2026-06-08,IR,win1x_other,0
2026-06-08,IR,winX_other,1420
2026-06-08,IR,winX_supported,254438
2026-06-09,CN,non_windows,166253
2026-06-09,CN,win10,937541
2026-06-09,CN,win11,755168
2026-06-09,CN,win1x_other,0
2026-06-09,CN,winX_other,1789
2026-06-09,CN,winX_supported,267892
2026-06-09,IR,non_windows,14493
2026-06-09,IR,win10,621801
2026-06-09,IR,win11,211962
2026-06-09,IR,win1x_other,0
2026-06-09,IR,winX_other,1396
2026-06-09,IR,winX_supported,248927
2026-06-10,CN,non_windows,166753
2026-06-10,CN,win10,949011
2026-06-10,CN,win11,762661
2026-06-10,CN,win1x_other,0
2026-06-10,CN,winX_other,1745
2026-06-10,CN,winX_supported,271040
2026-06-10,IR,non_windows,14023
2026-06-10,IR,win10,628607
2026-06-10,IR,win11,212931
2026-06-10,IR,win1x_other,0
2026-06-10,IR,winX_other,1405
2026-06-10,IR,winX_supported,250247
2026-06-11,CN,non_windows,167912
2026-06-11,CN,win10,965147
2026-06-11,CN,win11,777018
2026-06-11,CN,win1x_other,0
2026-06-11,CN,winX_other,1754
2026-06-11,CN,winX_supported,272079
2026-06-11,IR,non_windows,11473
2026-06-11,IR,win10,410424
2026-06-11,IR,win11,150115
2026-06-11,IR,win1x_other,0
2026-06-11,IR,winX_other,927
2026-06-11,IR,winX_supported,156000
2026-06-12,CN,non_windows,160762
2026-06-12,CN,win10,949218
2026-06-12,CN,win11,760936
2026-06-12,CN,win1x_other,0
2026-06-12,CN,winX_other,1683
2026-06-12,CN,winX_supported,263622
2026-06-12,IR,non_windows,10113
2026-06-12,IR,win10,227779
2026-06-12,IR,win11,111934
2026-06-12,IR,win1x_other,0
2026-06-12,IR,winX_other,438
2026-06-12,IR,winX_supported,77424
2026-06-13,CN,non_windows,96432
2026-06-13,CN,win10,558374
2026-06-13,CN,win11,494899
2026-06-13,CN,win1x_other,0
2026-06-13,CN,winX_other,984
2026-06-13,CN,winX_supported,131127
2026-06-13,IR,non_windows,14460
2026-06-13,IR,win10,645413
2026-06-13,IR,win11,220619
2026-06-13,IR,win1x_other,0
2026-06-13,IR,winX_other,1408
2026-06-13,IR,winX_supported,255722
2026-06-14,CN,non_windows,89302
2026-06-14,CN,win10,495421
2026-06-14,CN,win11,477562
2026-06-14,CN,win1x_other,0
2026-06-14,CN,winX_other,907
2026-06-14,CN,winX_supported,112872
2026-06-14,IR,non_windows,14450
2026-06-14,IR,win10,635918
2026-06-14,IR,win11,218235
2026-06-14,IR,win1x_other,0
2026-06-14,IR,winX_other,1375
2026-06-14,IR,winX_supported,250240
2026-06-15,CN,non_windows,166054
2026-06-15,CN,win10,993645
2026-06-15,CN,win11,800574
2026-06-15,CN,win1x_other,0
2026-06-15,CN,winX_other,1776
2026-06-15,CN,winX_supported,277632
2026-06-15,IR,non_windows,14402
2026-06-15,IR,win10,640254
2026-06-15,IR,win11,219561
2026-06-15,IR,win1x_other,0
2026-06-15,IR,winX_other,1394
2026-06-15,IR,winX_supported,254438
2026-06-16,CN,non_windows,168508
2026-06-16,CN,win10,979557
2026-06-16,CN,win11,789340
2026-06-16,CN,win1x_other,0
2026-06-16,CN,winX_other,1727
2026-06-16,CN,winX_supported,270891
2026-06-16,IR,non_windows,14264
2026-06-16,IR,win10,633083
2026-06-16,IR,win11,217581
2026-06-16,IR,win1x_other,0
2026-06-16,IR,winX_other,1405
2026-06-16,IR,winX_supported,250428
2026-06-17,CN,non_windows,168515
2026-06-17,CN,win10,987385
2026-06-17,CN,win11,793882
2026-06-17,CN,win1x_other,0
2026-06-17,CN,winX_other,1729
2026-06-17,CN,winX_supported,285014
2026-06-17,IR,non_windows,14111
2026-06-17,IR,win10,603716
2026-06-17,IR,win11,205177
2026-06-17,IR,win1x_other,0
2026-06-17,IR,winX_other,1398
2026-06-17,IR,winX_supported,242300
2026-06-18,CN,non_windows,157788
2026-06-18,CN,win10,954566
2026-06-18,CN,win11,759873
2026-06-18,CN,win1x_other,0
2026-06-18,CN,winX_other,1569
2026-06-18,CN,winX_supported,290031
2026-06-18,IR,non_windows,11366
2026-06-18,IR,win10,406198
2026-06-18,IR,win11,147816
2026-06-18,IR,win1x_other,0
2026-06-18,IR,winX_other,964
2026-06-18,IR,winX_supported,158584
2026-06-19,CN,non_windows,83370
2026-06-19,CN,win10,430570
2026-06-19,CN,win11,413962
2026-06-19,CN,win1x_other,0
2026-06-19,CN,winX_other,736
2026-06-19,CN,winX_supported,109159
2026-06-19,IR,non_windows,10064
2026-06-19,IR,win10,218846
2026-06-19,IR,win11,107723
2026-06-19,IR,win1x_other,0
2026-06-19,IR,winX_other,485
2026-06-19,IR,winX_supported,76547
2026-06-20,CN,non_windows,78136
2026-06-20,CN,win10,454092
2026-06-20,CN,win11,421270
2026-06-20,CN,win1x_other,0
2026-06-20,CN,winX_other,785
2026-06-20,CN,winX_supported,121700
2026-06-20,IR,non_windows,14166
2026-06-20,IR,win10,613394
2026-06-20,IR,win11,207714
2026-06-20,IR,win1x_other,0
2026-06-20,IR,winX_other,1454
2026-06-20,IR,winX_supported,247887
2026-06-21,CN,non_windows,84862
2026-06-21,CN,win10,506819
2026-06-21,CN,win11,471872
2026-06-21,CN,win1x_other,0
2026-06-21,CN,winX_other,893
2026-06-21,CN,winX_supported,135224
2026-06-21,IR,non_windows,14353
2026-06-21,IR,win10,614174
2026-06-21,IR,win11,208430
2026-06-21,IR,win1x_other,0
2026-06-21,IR,winX_other,1380
2026-06-21,IR,winX_supported,245639
2026-06-22,CN,non_windows,167112
2026-06-22,CN,win10,1011031
2026-06-22,CN,win11,809058
2026-06-22,CN,win1x_other,0
2026-06-22,CN,winX_other,1787
2026-06-22,CN,winX_supported,322972
2026-06-22,IR,non_windows,14006
2026-06-22,IR,win10,598829
2026-06-22,IR,win11,202201
2026-06-22,IR,win1x_other,0
2026-06-22,IR,winX_other,1323
2026-06-22,IR,winX_supported,240857
2026-06-23,CN,non_windows,171390
2026-06-23,CN,win10,1011141
2026-06-23,CN,win11,808749
2026-06-23,CN,win1x_other,0
2026-06-23,CN,winX_other,1783
2026-06-23,CN,winX_supported,323089
2026-06-23,IR,non_windows,13493
2026-06-23,IR,win10,548655
2026-06-23,IR,win11,187338
2026-06-23,IR,win1x_other,0
2026-06-23,IR,winX_other,1209
2026-06-23,IR,winX_supported,215944
2026-06-24,CN,non_windows,172048
2026-06-24,CN,win10,1008742
2026-06-24,CN,win11,808448
2026-06-24,CN,win1x_other,0
2026-06-24,CN,winX_other,1766
2026-06-24,CN,winX_supported,324555
2026-06-24,IR,non_windows,9842
2026-06-24,IR,win10,194653
2026-06-24,IR,win11,98125
2026-06-24,IR,win1x_other,0
2026-06-24,IR,winX_other,414
2026-06-24,IR,winX_supported,65222
2026-06-25,CN,non_windows,173211
2026-06-25,CN,win10,1026527
2026-06-25,CN,win11,820491
2026-06-25,CN,win1x_other,0
2026-06-25,CN,winX_other,1768
2026-06-25,CN,winX_supported,323219
2026-06-25,IR,non_windows,9054
2026-06-25,IR,win10,160524
2026-06-25,IR,win11,85579
2026-06-25,IR,win1x_other,0
2026-06-25,IR,winX_other,347
2026-06-25,IR,winX_supported,52123
2026-06-26,CN,non_windows,162571
2026-06-26,CN,win10,973751
2026-06-26,CN,win11,778055
2026-06-26,CN,win1x_other,0
2026-06-26,CN,winX_other,1674
2026-06-26,CN,winX_supported,311750
2026-06-26,IR,non_windows,9992
2026-06-26,IR,win10,207052
2026-06-26,IR,win11,104159
2026-06-26,IR,win1x_other,0
2026-06-26,IR,winX_other,447
2026-06-26,IR,winX_supported,72172
2026-06-27,CN,non_windows,100632
2026-06-27,CN,win10,590618
2026-06-27,CN,win11,515182
2026-06-27,CN,win1x_other,0
2026-06-27,CN,winX_other,1001
2026-06-27,CN,winX_supported,161761
2026-06-27,IR,non_windows,14059
2026-06-27,IR,win10,592565
2026-06-27,IR,win11,206127
2026-06-27,IR,win1x_other,0
2026-06-27,IR,winX_other,1374
2026-06-27,IR,winX_supported,234548
2026-06-28,CN,non_windows,90562
2026-06-28,CN,win10,517279
2026-06-28,CN,win11,486128
2026-06-28,CN,win1x_other,0
2026-06-28,CN,winX_other,885
2026-06-28,CN,winX_supported,139244
2026-06-28,IR,non_windows,14290
2026-06-28,IR,win10,610468
2026-06-28,IR,win11,210412
2026-06-28,IR,win1x_other,0
2026-06-28,IR,winX_other,1370
2026-06-28,IR,winX_supported,239991
2026-06-29,CN,non_windows,167634
2026-06-29,CN,win10,1019348
2026-06-29,CN,win11,811841
2026-06-29,CN,win1x_other,0
2026-06-29,CN,winX_other,1760
2026-06-29,CN,winX_supported,328922
2026-06-29,IR,non_windows,14274
2026-06-29,IR,win10,620414
2026-06-29,IR,win11,212640
2026-06-29,IR,win1x_other,0
2026-06-29,IR,winX_other,1434
2026-06-29,IR,winX_supported,249210
2026-06-30,CN,non_windows,171160
2026-06-30,CN,win10,1024223
2026-06-30,CN,win11,814778
2026-06-30,CN,win1x_other,0
2026-06-30,CN,winX_other,1727
2026-06-30,CN,winX_supported,329023
2026-06-30,IR,non_windows,14084
2026-06-30,IR,win10,607789
2026-06-30,IR,win11,209147
2026-06-30,IR,win1x_other,0
2026-06-30,IR,winX_other,1333
2026-06-30,IR,winX_supported,238567
2026-07-01,CN,non_windows,171224
2026-07-01,CN,win10,1011699
2026-07-01,CN,win11,805180
2026-07-01,CN,win1x_other,0
2026-07-01,CN,winX_other,1770
2026-07-01,CN,winX_supported,328333
2026-07-01,IR,non_windows,13781
2026-07-01,IR,win10,604629
2026-07-01,IR,win11,204837
2026-07-01,IR,win1x_other,0
2026-07-01,IR,winX_other,1357
2026-07-01,IR,winX_supported,243130
2026-07-02,CN,non_windows,171515
2026-07-02,CN,win10,1003928
2026-07-02,CN,win11,797736
2026-07-02,CN,win1x_other,0
2026-07-02,CN,winX_other,1774
2026-07-02,CN,winX_supported,323754
2026-07-02,IR,non_windows,11024
2026-07-02,IR,win10,399310
2026-07-02,IR,win11,145430
2026-07-02,IR,win1x_other,0
2026-07-02,IR,winX_other,891
2026-07-02,IR,winX_supported,152851
2026-07-03,CN,non_windows,162747
2026-07-03,CN,win10,979854
2026-07-03,CN,win11,777965
2026-07-03,CN,win1x_other,0
2026-07-03,CN,winX_other,1669
2026-07-03,CN,winX_supported,310561
2026-07-03,IR,non_windows,9825
2026-07-03,IR,win10,203731
2026-07-03,IR,win11,100624
2026-07-03,IR,win1x_other,0
2026-07-03,IR,winX_other,408
2026-07-03,IR,winX_supported,69595
2026-07-04,CN,non_windows,98991
2026-07-04,CN,win10,582482
2026-07-04,CN,win11,506194
2026-07-04,CN,win1x_other,0
2026-07-04,CN,winX_other,985
2026-07-04,CN,winX_supported,159774
2026-07-04,IR,non_windows,11907
2026-07-04,IR,win10,481740
2026-07-04,IR,win11,159029
2026-07-04,IR,win1x_other,0
2026-07-04,IR,winX_other,1081
2026-07-04,IR,winX_supported,204976
2026-07-05,CN,non_windows,89049
2026-07-05,CN,win10,507564
2026-07-05,CN,win11,474292
2026-07-05,CN,win1x_other,0
2026-07-05,CN,winX_other,916
2026-07-05,CN,winX_supported,136276
2026-07-05,IR,non_windows,11011
2026-07-05,IR,win10,327960
2026-07-05,IR,win11,126879
2026-07-05,IR,win1x_other,0
2026-07-05,IR,winX_other,709
2026-07-05,IR,winX_supported,123205
2026-07-06,CN,non_windows,166209
2026-07-06,CN,win10,1002354
2026-07-06,CN,win11,795403
2026-07-06,CN,win1x_other,0
2026-07-06,CN,winX_other,1776
2026-07-06,CN,winX_supported,320741
2026-07-06,IR,non_windows,10383
2026-07-06,IR,win10,273203
2026-07-06,IR,win11,116019
2026-07-06,IR,win1x_other,0
2026-07-06,IR,winX_other,571
2026-07-06,IR,winX_supported,98890
2026-07-07,CN,non_windows,171206
2026-07-07,CN,win10,994378
2026-07-07,CN,win11,787522
2026-07-07,CN,win1x_other,0
2026-07-07,CN,winX_other,1712
2026-07-07,CN,winX_supported,314315
2026-07-07,IR,non_windows,12039
2026-07-07,IR,win10,460998
2026-07-07,IR,win11,159065
2026-07-07,IR,win1x_other,0
2026-07-07,IR,winX_other,1072
2026-07-07,IR,winX_supported,187706
2026-07-08,CN,non_windows,169609
2026-07-08,CN,win10,983276
2026-07-08,CN,win11,780621
2026-07-08,CN,win1x_other,0
2026-07-08,CN,winX_other,1767
2026-07-08,CN,winX_supported,308777
2026-07-08,IR,non_windows,12848
2026-07-08,IR,win10,515884
2026-07-08,IR,win11,176653
2026-07-08,IR,win1x_other,0
2026-07-08,IR,winX_other,1180
2026-07-08,IR,winX_supported,204312
2026-07-09,CN,non_windows,168890
2026-07-09,CN,win10,978046
2026-07-09,CN,win11,777377
2026-07-09,CN,win1x_other,0
2026-07-09,CN,winX_other,1667
2026-07-09,CN,winX_supported,305508
2026-07-09,IR,non_windows,10808
2026-07-09,IR,win10,353256
2026-07-09,IR,win11,133585
2026-07-09,IR,win1x_other,0
2026-07-09,IR,winX_other,770
2026-07-09,IR,winX_supported,135054
2026-07-10,CN,non_windows,161192
2026-07-10,CN,win10,953320
2026-07-10,CN,win11,755294
2026-07-10,CN,win1x_other,0
2026-07-10,CN,winX_other,1578
2026-07-10,CN,winX_supported,293852
2026-07-10,IR,non_windows,10016
2026-07-10,IR,win10,207954
2026-07-10,IR,win11,103515
2026-07-10,IR,win1x_other,0
2026-07-10,IR,winX_other,445
2026-07-10,IR,winX_supported,72299
2026-07-11,CN,non_windows,99385
2026-07-11,CN,win10,577226
2026-07-11,CN,win11,494796
2026-07-11,CN,win1x_other,0
2026-07-11,CN,winX_other,940
2026-07-11,CN,winX_supported,156966
2026-07-11,IR,non_windows,13864
2026-07-11,IR,win10,596349
2026-07-11,IR,win11,205552
2026-07-11,IR,win1x_other,0
2026-07-11,IR,winX_other,1311
2026-07-11,IR,winX_supported,237884
2026-07-12,CN,non_windows,88408
2026-07-12,CN,win10,501959
2026-07-12,CN,win11,466655
2026-07-12,CN,win1x_other,0
2026-07-12,CN,winX_other,863
2026-07-12,CN,winX_supported,131540
2026-07-12,IR,non_windows,13833
2026-07-12,IR,win10,593651
2026-07-12,IR,win11,205139
2026-07-12,IR,win1x_other,0
2026-07-12,IR,winX_other,1324
2026-07-12,IR,winX_supported,231574
2026-07-13,CN,non_windows,165595
2026-07-13,CN,win10,980577
2026-07-13,CN,win11,776861
2026-07-13,CN,win1x_other,0
2026-07-13,CN,winX_other,1668
2026-07-13,CN,winX_supported,306666
2026-07-13,IR,non_windows,13810
2026-07-13,IR,win10,607170
2026-07-13,IR,win11,209787
2026-07-13,IR,win1x_other,0
2026-07-13,IR,winX_other,1350
2026-07-13,IR,winX_supported,241327
2026-07-14,CN,non_windows,171319
2026-07-14,CN,win10,983315
2026-07-14,CN,win11,778996
2026-07-14,CN,win1x_other,0
2026-07-14,CN,winX_other,1658
2026-07-14,CN,winX_supported,304288
2026-07-14,IR,non_windows,14158
2026-07-14,IR,win10,586188
2026-07-14,IR,win11,205387
2026-07-14,IR,win1x_other,0
2026-07-14,IR,winX_other,1276
2026-07-14,IR,winX_supported,228316
2026-07-15,CN,non_windows,168900
2026-07-15,CN,win10,974864
2026-07-15,CN,win11,773319
2026-07-15,CN,win1x_other,0
2026-07-15,CN,winX_other,1631
2026-07-15,CN,winX_supported,299786
2026-07-15,IR,non_windows,13854
2026-07-15,IR,win10,576127
2026-07-15,IR,win11,199746
2026-07-15,IR,win1x_other,0
2026-07-15,IR,winX_other,1251
2026-07-15,IR,winX_supported,228495
2026-07-16,CN,non_windows,166455
2026-07-16,CN,win10,951847
2026-07-16,CN,win11,757764
2026-07-16,CN,win1x_other,0
2026-07-16,CN,winX_other,1627
2026-07-16,CN,winX_supported,290438
2026-07-16,IR,non_windows,10551
2026-07-16,IR,win10,390107
2026-07-16,IR,win11,141783
2026-07-16,IR,win1x_other,0
2026-07-16,IR,winX_other,833
2026-07-16,IR,winX_supported,150873
2026-07-17,CN,non_windows,159656
2026-07-17,CN,win10,926680
2026-07-17,CN,win11,737363
2026-07-17,CN,win1x_other,0
2026-07-17,CN,winX_other,1536
2026-07-17,CN,winX_supported,281278
2026-07-17,IR,non_windows,9669
2026-07-17,IR,win10,207695
2026-07-17,IR,win11,103336
2026-07-17,IR,win1x_other,0
2026-07-17,IR,winX_other,461
2026-07-17,IR,winX_supported,71580
2026-07-18,CN,non_windows,96569
2026-07-18,CN,win10,560157
2026-07-18,CN,win11,479908
2026-07-18,CN,win1x_other,0
2026-07-18,CN,winX_other,934
2026-07-18,CN,winX_supported,147360
2026-07-18,IR,non_windows,13846
2026-07-18,IR,win10,587188
2026-07-18,IR,win11,202005
2026-07-18,IR,win1x_other,0
2026-07-18,IR,winX_other,1278
2026-07-18,IR,winX_supported,233255
2026-07-19,CN,non_windows,86756
2026-07-19,CN,win10,491129
2026-07-19,CN,win11,453154
2026-07-19,CN,win1x_other,0
2026-07-19,CN,winX_other,852
2026-07-19,CN,winX_supported,124992
2026-07-19,IR,non_windows,14030
2026-07-19,IR,win10,597988
2026-07-19,IR,win11,203939
2026-07-19,IR,win1x_other,0
2026-07-19,IR,winX_other,1290
2026-07-19,IR,winX_supported,234738
2026-07-20,CN,non_windows,162905
2026-07-20,CN,win10,954723
2026-07-20,CN,win11,756708
2026-07-20,CN,win1x_other,0
2026-07-20,CN,winX_other,1675
2026-07-20,CN,winX_supported,294226
2026-07-20,IR,non_windows,13840
2026-07-20,IR,win10,588502
2026-07-20,IR,win11,200528
2026-07-20,IR,win1x_other,0
2026-07-20,IR,winX_other,1281
2026-07-20,IR,winX_supported,236057
2026-07-21,CN,non_windows,167574
2026-07-21,CN,win10,953843
2026-07-21,CN,win11,757374
2026-07-21,CN,win1x_other,0
2026-07-21,CN,winX_other,1626
2026-07-21,CN,winX_supported,291001
2026-07-21,IR,non_windows,14001
2026-07-21,IR,win10,594421
2026-07-21,IR,win11,203322
2026-07-21,IR,win1x_other,0
2026-07-21,IR,winX_other,1294
2026-07-21,IR,winX_supported,235957
2026-07-22,CN,non_windows,167699
2026-07-22,CN,win10,955377
2026-07-22,CN,win11,761721
2026-07-22,CN,win1x_other,0
2026-07-22,CN,winX_other,1587
2026-07-22,CN,winX_supported,288716
2026-07-22,IR,non_windows,13839
2026-07-22,IR,win10,592680
2026-07-22,IR,win11,199797
2026-07-22,IR,win1x_other,0
2026-07-22,IR,winX_other,1293
2026-07-22,IR,winX_supported,236946
2026-07-23,CN,non_windows,166802
2026-07-23,CN,win10,959830
2026-07-23,CN,win11,764300
2026-07-23,CN,win1x_other,0
2026-07-23,CN,winX_other,1625
2026-07-23,CN,winX_supported,285840
2026-07-23,IR,non_windows,11083
2026-07-23,IR,win10,382613
2026-07-23,IR,win11,137999
2026-07-23,IR,win1x_other,0
2026-07-23,IR,winX_other,860
2026-07-23,IR,winX_supported,147532
2026-07-24,CN,non_windows,160361
2026-07-24,CN,win10,930006
2026-07-24,CN,win11,739367
2026-07-24,CN,win1x_other,0
2026-07-24,CN,winX_other,1544
2026-07-24,CN,winX_supported,277039
2026-07-24,IR,non_windows,9947
2026-07-24,IR,win10,218374
2026-07-24,IR,win11,107603
2026-07-24,IR,win1x_other,0
2026-07-24,IR,winX_other,435
2026-07-24,IR,winX_supported,74289
2026-07-25,CN,non_windows,97274
2026-07-25,CN,win10,565071
2026-07-25,CN,win11,481747
2026-07-25,CN,win1x_other,0
2026-07-25,CN,winX_other,929
2026-07-25,CN,winX_supported,146866
2026-07-25,IR,non_windows,14012
2026-07-25,IR,win10,590930
2026-07-25,IR,win11,200668
2026-07-25,IR,win1x_other,0
2026-07-25,IR,winX_other,1286
2026-07-25,IR,winX_supported,231981
2026-07-26,CN,non_windows,86641
2026-07-26,CN,win10,486455
2026-07-26,CN,win11,448536
2026-07-26,CN,win1x_other,0
2026-07-26,CN,winX_other,808
2026-07-26,CN,winX_supported,122461
2026-07-26,IR,non_windows,13784
2026-07-26,IR,win10,577968
2026-07-26,IR,win11,197703
2026-07-26,IR,win1x_other,0
2026-07-26,IR,winX_other,1246
2026-07-26,IR,winX_supported,225594
2026-07-27,CN,non_windows,162713
2026-07-27,CN,win10,955716
2026-07-27,CN,win11,756761
2026-07-27,CN,win1x_other,0
2026-07-27,CN,winX_other,1647
2026-07-27,CN,winX_supported,289646
2026-07-27,IR,non_windows,13736
2026-07-27,IR,win10,579041
2026-07-27,IR,win11,197135
2026-07-27,IR,win1x_other,0
2026-07-27,IR,winX_other,1253
2026-07-27,IR,winX_supported,230969
